[
  {
    "clinic_name": "Abbey Green Vets - Broadway Surgery",
    "address": "Church Cl, Broadway WR12 7AH, United Kingdom",
    "phone": "+44 1386 852421",
    "monday": "8:30 AM–6:30 PM",
    "tuesday": "8:30 AM–6:30 PM",
    "wednesday": "8:30 AM–6:30 PM",
    "thursday": "8:30 AM–6:30 PM",
    "friday": "8:30 AM–6:30 PM",
    "saturday": "8:30 AM–1 PM",
    "sunday": "Closed"
  },
  {
    "clinic_name": "Abbey Green Vets - Winchcombe",
    "address": "Abbey Cottage, Abbey Terrace, Winchcombe, Cheltenham GL54 5LW, United Kingdom",
    "phone": "+44 1242 602235",
    "monday": "8:30 AM–6:30 PM",
    "tuesday": "8:30 AM–6:30 PM",
    "wednesday": "8:30 AM–6:30 PM",
    "thursday": "8:30 AM–6:30 PM",
    "friday": "8:30 AM–6:30 PM",
    "saturday": "8:30–11 AM",
    "sunday": "Closed"
  },
  {
    "clinic_name": "All Paws Veterinary Clinic - Castletroy",
    "address": "Unit 3, Newtown Centre, Newtown, Annacotty, Co. Limerick, V94 N82R, Ireland",
    "phone": "+353 61 597 678",
    "monday": "9 AM–6 PM",
    "tuesday": "9 AM–6 PM",
    "wednesday": "9 AM–6 PM",
    "thursday": "9 AM–6 PM",
    "friday": "9 AM–6 PM",
    "saturday": "10 AM–1 PM",
    "sunday": "Closed"
  },
  {
    "clinic_name": "All Paws Veterinary Clinic - Raheen",
    "address": "Unit 1, Racefield Centre, Father Russell Rd, Raheen, Limerick, V94 V528, Ireland",
    "phone": "+353 61 275 616",
    "monday": "9 AM–6 PM",
    "tuesday": "9 AM–6 PM",
    "wednesday": "9 AM–6 PM",
    "thursday": "9 AM–6 PM",
    "friday": "9 AM–6 PM",
    "saturday": "10 AM–1 PM",
    "sunday": "Closed"
  },
  {
    "clinic_name": "AniCura Clinique Vétérinaire du Château",
    "address": "Av. Georges Bedoret 46, 5030 Gembloux, Belgium",
    "phone": "+32 81 61 07 86",
    "monday": "10:30 AM–7 PM",
    "tuesday": "10:30 AM–7 PM",
    "wednesday": "10:30 AM–7 PM",
    "thursday": "10:30 AM–7 PM",
    "friday": "10:30 AM–7 PM",
    "saturday": "9 AM–12 PM",
    "sunday": "Closed"
  },
  {
    "clinic_name": "AniCura Clinique Vétérinaire Velaine",
    "address": "Rue Jules Destrée 15/B, 5060 Sambreville, Belgium",
    "phone": "+32 71 77 04 57",
    "monday": "10 AM–12 PM, 3–6:30 PM",
    "tuesday": "10 AM–12 PM, 1:30–4 PM",
    "wednesday": "10 AM–12 PM, 1:30–4 PM",
    "thursday": "10 AM–12 PM",
    "friday": "10 AM–12 PM, 3–5 PM",
    "saturday": "Closed",
    "sunday": "Closed"
  },
  {
    "clinic_name": "AniCura Dierenartsencentrum Anthemis",
    "address": null,
    "phone": null,
    "monday": null,
    "tuesday": null,
    "wednesday": null,
    "thursday": null,
    "friday": null,
    "saturday": null,
    "sunday": null
  },
  {
    "clinic_name": "AniCura Fysio-Fit Anthemis",
    "address": "De Beughemlaan 34b, 1880 Kapelle-op-den-Bos, Belgium",
    "phone": "+32 15 63 32 06",
    "monday": "9 AM–7:30 PM",
    "tuesday": "9 AM–7:30 PM",
    "wednesday": "9 AM–5 PM",
    "thursday": "9 AM–7:30 PM",
    "friday": "9 AM–5 PM",
    "saturday": "Closed",
    "sunday": "Closed"
  },
  {
    "clinic_name": "AniCura Centre Vétérinaire Carolovet",
    "address": "Rue de Gilly 2, 6010 Charleroi, Belgium",
    "phone": "+32 71 47 80 47",
    "monday": "8:30 AM–7 PM",
    "tuesday": "8:30 AM–7 PM",
    "wednesday": "8:30 AM–7 PM",
    "thursday": "8:30 AM–7 PM",
    "friday": "8:30 AM–7 PM",
    "saturday": "9:30 AM–12 PM",
    "sunday": "Closed"
  },
  {
    "clinic_name": "AniCura Clinique Vétérinaire ADK",
    "address": "Rue de la Libération 1, 4800 Verviers, Belgium",
    "phone": "+32 87 23 11 13",
    "monday": "7:30 AM–7:30 PM",
    "tuesday": "7:30 AM–7:30 PM",
    "wednesday": "7:30 AM–7:30 PM",
    "thursday": "7:30 AM–7:30 PM",
    "friday": "7:30 AM–7:30 PM",
    "saturday": "9 AM–12 PM",
    "sunday": "Open 24 hours"
  },
  {
    "clinic_name": "AniCura Dierenartsenpraktijk Plantijn",
    "address": "Borsbeeksebrug 34, 2600 Antwerpen, Belgium",
    "phone": "+32 3 235 73 85",
    "monday": "9 AM–7 PM",
    "tuesday": "9 AM–7 PM",
    "wednesday": "9 AM–7 PM",
    "thursday": "9 AM–7 PM",
    "friday": "9 AM–7 PM",
    "saturday": "9 AM–5 PM",
    "sunday": "9 AM–5 PM"
  },
  {
    "clinic_name": "AniCura Dierenkliniek Causus",
    "address": "Verhelststraat 1, 8460 Oudenburg, Belgium",
    "phone": "+32 59 25 00 08",
    "monday": "7:30 AM–8 PM",
    "tuesday": "7:30 AM–8 PM",
    "wednesday": "7:30 AM–8 PM",
    "thursday": "7:30 AM–8 PM",
    "friday": "7:30 AM–6 PM",
    "saturday": "8 AM–8 PM",
    "sunday": "8 AM–8 PM"
  },
  {
    "clinic_name": "AniCura Dierenkliniek De Ark",
    "address": "Probastraat 1, 2235 Hulshout, Belgium",
    "phone": "+32 16 56 70 08",
    "monday": "9 AM–8 PM",
    "tuesday": "9 AM–8 PM",
    "wednesday": "9 AM–8 PM",
    "thursday": "9 AM–8 PM",
    "friday": "9 AM–8 PM",
    "saturday": "Closed",
    "sunday": "Closed"
  },
  {
    "clinic_name": "AniCura Dierenkliniek De Molenhoek",
    "address": "Brakelsesteenweg 323, 9406 Ninove, Belgium",
    "phone": "+32 54 33 32 55",
    "monday": "9 AM–7 PM",
    "tuesday": "9 AM–7 PM",
    "wednesday": "9 AM–7 PM",
    "thursday": "9 AM–7 PM",
    "friday": "9 AM–7 PM",
    "saturday": "9:30–11 AM",
    "sunday": "Closed"
  },
  {
    "clinic_name": "AniCura Dierenkliniek De Vliet",
    "address": "Dendermondsesteenweg 74, 2870 Puurs-Sint-Amands, Belgium",
    "phone": "+32 3 889 04 73",
    "monday": "8 AM–7 PM",
    "tuesday": "8 AM–7 PM",
    "wednesday": "8 AM–7 PM",
    "thursday": "8 AM–7 PM",
    "friday": "8 AM–7 PM",
    "saturday": "9 AM–12 PM",
    "sunday": "Closed"
  },
  {
    "clinic_name": "AniCura Dierenkliniek Malpertuus",
    "address": "Leenstraat 2a, 9070 Destelbergen, Belgium",
    "phone": "+32 9 210 23 00",
    "monday": "8:30 AM–12:30 PM, 1:30–7 PM",
    "tuesday": "8:30 AM–12:30 PM, 1:30–7 PM",
    "wednesday": "8:30 AM–12:30 PM, 1:30–7 PM",
    "thursday": "8:30 AM–12:30 PM, 1:30–7 PM",
    "friday": "8:30 AM–12:30 PM, 1:30–7 PM",
    "saturday": "10 AM–12 PM",
    "sunday": "Closed"
  },
  {
    "clinic_name": "AniCura Dierenkliniek Randstad",
    "address": "Frans Beirenslaan 155, 2150 Antwerpen, Belgium",
    "phone": "+32 3 322 78 11",
    "monday": "9 AM–8 PM",
    "tuesday": "9 AM–8 PM",
    "wednesday": "9 AM–8 PM",
    "thursday": "9 AM–8 PM",
    "friday": "9 AM–7 PM",
    "saturday": "10 AM–12 PM",
    "sunday": "Closed"
  },
  {
    "clinic_name": "AniCura Het Binnenhof",
    "address": null,
    "phone": null,
    "monday": null,
    "tuesday": null,
    "wednesday": null,
    "thursday": null,
    "friday": null,
    "saturday": null,
    "sunday": null
  },
  {
    "clinic_name": "AniCura Sint-Jan",
    "address": null,
    "phone": null,
    "monday": null,
    "tuesday": null,
    "wednesday": null,
    "thursday": null,
    "friday": null,
    "saturday": null,
    "sunday": null
  },
  {
    "clinic_name": "AniCura Centrum Dyrehospital",
    "address": "Rødovrevej 210, 2610 Rødovre, Denmark",
    "phone": "+45 36 72 02 01",
    "monday": "8 AM–5 PM",
    "tuesday": "8 AM–5 PM",
    "wednesday": "8 AM–5 PM",
    "thursday": "8 AM–5 PM",
    "friday": "8 AM–5 PM",
    "saturday": "Closed",
    "sunday": "Closed"
  },
  {
    "clinic_name": "AniCura Dyrehospitalet City Syd",
    "address": "Vandmanden 10D, 9200 Aalborg SV, Denmark",
    "phone": "+45 98 11 74 00",
    "monday": "8 am–5 pm",
    "tuesday": "8 am–5 pm",
    "wednesday": "8 am–5 pm",
    "thursday": "8 am–5 pm",
    "friday": "8 am–5 pm",
    "saturday": "Closed",
    "sunday": "Closed"
  },
  {
    "clinic_name": "AniCura Dyreklinikken Nørresundby",
    "address": "Thistedvej 36, 9400 Nørresundby, Denmark",
    "phone": "+45 98 19 00 25",
    "monday": "8 AM–5 PM",
    "tuesday": "8 AM–5 PM",
    "wednesday": "8 AM–5 PM",
    "thursday": "8 AM–5 PM",
    "friday": "8 AM–5 PM",
    "saturday": "Closed",
    "sunday": "Closed"
  },
  {
    "clinic_name": "AniCura Familiedyrlægerne",
    "address": "Svenstrup Bane Alle 1, 9230 Svenstrup J, Denmark",
    "phone": "+45 98 38 10 56",
    "monday": "Open 24 hours",
    "tuesday": "Open 24 hours",
    "wednesday": "Open 24 hours",
    "thursday": "Open 24 hours",
    "friday": "Open 24 hours",
    "saturday": "Open 24 hours",
    "sunday": "Open 24 hours"
  },
  {
    "clinic_name": "AniCura Familiedyrlægerne - Svenstrup",
    "address": "Svenstrup Bane Alle 1, 9230 Svenstrup J, Denmark",
    "phone": "+45 98 38 10 56",
    "monday": "Open 24 hours",
    "tuesday": "Open 24 hours",
    "wednesday": "Open 24 hours",
    "thursday": "Open 24 hours",
    "friday": "Open 24 hours",
    "saturday": "Open 24 hours",
    "sunday": "Open 24 hours"
  },
  {
    "clinic_name": "AniCura Gistrup Dyrehospital",
    "address": "Sagavej 10, 9260 Gistrup, Denmark",
    "phone": "+45 96 36 12 00",
    "monday": "8 AM–5 PM",
    "tuesday": "8 AM–5 PM",
    "wednesday": "8 AM–5 PM",
    "thursday": "8 AM–5 PM",
    "friday": "8 AM–5 PM",
    "saturday": "Closed",
    "sunday": "Closed"
  },
  {
    "clinic_name": "AniCura Holbæk Dyrehospital",
    "address": "L. C. Worsøesvej 3, 4300 Holbæk, Denmark",
    "phone": "+45 59 43 73 67",
    "monday": "8 AM–5 PM",
    "tuesday": "8 AM–5 PM",
    "wednesday": "8 AM–5 PM",
    "thursday": "8 AM–5 PM",
    "friday": "8 AM–5 PM",
    "saturday": "Closed",
    "sunday": "Closed"
  },
  {
    "clinic_name": "AniCura Københavns Dyrehospital",
    "address": "Poppelstykket 11, 2450 København, Denmark",
    "phone": "+45 36 17 57 11",
    "monday": "Open 24 hours",
    "tuesday": "Open 24 hours",
    "wednesday": "Open 24 hours",
    "thursday": "Open 24 hours",
    "friday": "Open 24 hours",
    "saturday": "Open 24 hours",
    "sunday": "Open 24 hours"
  },
  {
    "clinic_name": "AniCura Køge Dyrehospital",
    "address": "Ølbycenter 12, 4600 Køge, Denmark",
    "phone": "+45 70 25 02 02",
    "monday": "Open 24 hours",
    "tuesday": "Open 24 hours",
    "wednesday": "Open 24 hours",
    "thursday": "Open 24 hours",
    "friday": "Open 24 hours",
    "saturday": "Open 24 hours",
    "sunday": "Open 24 hours"
  },
  {
    "clinic_name": "AniCura Rynkeby Dyreklinik",
    "address": "Dyrlægerækken 1, 5350 Rynkeby, Denmark",
    "phone": "+45 65 39 10 04",
    "monday": "8 AM–5 PM",
    "tuesday": "8 AM–5 PM",
    "wednesday": "8 AM–5 PM",
    "thursday": "8 AM–5 PM",
    "friday": "8 AM–5 PM",
    "saturday": "Closed",
    "sunday": "Closed"
  },
  {
    "clinic_name": "AniCura Sydvet Dyrehospitaler",
    "address": "Storegade 6, 6560 Sommersted, Denmark",
    "phone": "+45 74 25 25 25",
    "monday": "8 AM–6 PM",
    "tuesday": "8 AM–4:30 PM",
    "wednesday": "8 AM–6 PM",
    "thursday": "8 AM–4:30 PM",
    "friday": "8 AM–4:30 PM",
    "saturday": "Closed",
    "sunday": "Closed"
  },
  {
    "clinic_name": "AniCura Tranbjerg Dyrehospital",
    "address": "Ingerslevtoften 4, 8310 Tranbjerg, Denmark",
    "phone": "+45 70 20 40 47",
    "monday": "8 AM–5 PM",
    "tuesday": "8 AM–5 PM",
    "wednesday": "8 AM–5 PM",
    "thursday": "8 AM–5 PM",
    "friday": "8 AM–5 PM",
    "saturday": "Closed",
    "sunday": "Closed"
  },
  {
    "clinic_name": "AniCura Vangede Dyreklinik",
    "address": "Plantevej 2, 2870 Dyssegård, Denmark",
    "phone": "+45 39 67 18 50",
    "monday": "8 AM–5 PM",
    "tuesday": "8 AM–5 PM",
    "wednesday": "8 AM–7 PM",
    "thursday": "8 AM–5 PM",
    "friday": "8 AM–4 PM",
    "saturday": "Closed",
    "sunday": "Closed"
  },
  {
    "clinic_name": "AniCura Varde Dyrehospital",
    "address": "Ribevej 37, 6800 Varde, Denmark",
    "phone": "+45 88 44 42 22",
    "monday": "Open 24 hours",
    "tuesday": "Open 24 hours",
    "wednesday": "Open 24 hours",
    "thursday": "Open 24 hours",
    "friday": "Open 24 hours",
    "saturday": "Open 24 hours",
    "sunday": "Open 24 hours"
  },
  {
    "clinic_name": "Clinique AniCura Paris III",
    "address": "17 Bd des Filles du Calvaire, 75003 Paris, France",
    "phone": "+33 1 48 04 99 40",
    "monday": "Open 24 hours",
    "tuesday": "Open 24 hours",
    "wednesday": "Open 24 hours",
    "thursday": "Open 24 hours",
    "friday": "Open 24 hours",
    "saturday": "Open 24 hours",
    "sunday": "Open 24 hours"
  },
  {
    "clinic_name": "Association Vétérinaire de la Saulx",
    "address": "12 Av. du Xvème Corps, 55800 Revigny-sur-Ornain, France",
    "phone": "+33 3 29 75 18 09",
    "monday": "8:30 AM–12 PM, 1:30–6 PM",
    "tuesday": "8:30 AM–12 PM, 1:30–6 PM",
    "wednesday": "8:30 AM–12 PM, 1:30–6 PM",
    "thursday": "8:30 AM–12 PM, 1:30–6 PM",
    "friday": "8:30 AM–12 PM, 1:30–6 PM",
    "saturday": "8:30 AM–12 PM, 1:30–5 PM",
    "sunday": "Closed"
  },
  {
    "clinic_name": "Cabinet Vétérinaire Dombasle",
    "address": "29 Rue du Sondage Botta, 54110 Dombasle-sur-Meurthe, France",
    "phone": "+33 3 83 29 30 34",
    "monday": "8:30 AM–12 PM, 2–6:30 PM",
    "tuesday": "8:30 AM–12 PM, 2–6:30 PM",
    "wednesday": "8:30 AM–12 PM, 2–6:30 PM",
    "thursday": "8:30 AM–12 PM, 2–6:30 PM",
    "friday": "8:30 AM–12 PM, 2–6:30 PM",
    "saturday": "8:30 AM–12 PM",
    "sunday": "Closed"
  },
  {
    "clinic_name": "CHV Armonia",
    "address": "500 Rue le Chatelier, 38090 Vaulx-Milieu, France",
    "phone": "+33 4 74 96 25 50",
    "monday": "Open 24 hours",
    "tuesday": "Open 24 hours",
    "wednesday": "Open 24 hours",
    "thursday": "Open 24 hours",
    "friday": "Open 24 hours",
    "saturday": "Open 24 hours",
    "sunday": "Open 24 hours"
  },
  {
    "clinic_name": "CHV Nordvet",
    "address": "1 Rue Delesalle, 59110 La Madeleine, France",
    "phone": "+33 3 20 51 00 66",
    "monday": "Open 24 hours",
    "tuesday": "Open 24 hours",
    "wednesday": "Open 24 hours",
    "thursday": "Open 24 hours",
    "friday": "Open 24 hours",
    "saturday": "Open 24 hours",
    "sunday": "Open 24 hours"
  },
  {
    "clinic_name": "Clinique Vétérinaire Arc-en-Ciel",
    "address": null,
    "phone": null,
    "monday": null,
    "tuesday": null,
    "wednesday": null,
    "thursday": null,
    "friday": null,
    "saturday": null,
    "sunday": null
  },
  {
    "clinic_name": "Clinique Vétérinaire Brocéliande",
    "address": null,
    "phone": null,
    "monday": null,
    "tuesday": null,
    "wednesday": null,
    "thursday": null,
    "friday": null,
    "saturday": null,
    "sunday": null
  },
  {
    "clinic_name": "Clinique Vétérinaire Cosyvet",
    "address": null,
    "phone": null,
    "monday": null,
    "tuesday": null,
    "wednesday": null,
    "thursday": null,
    "friday": null,
    "saturday": null,
    "sunday": null
  },
  {
    "clinic_name": "Clinique Vétérinaire de Belleville",
    "address": "75 Bd Joseph Rosselli, 69220 Belleville-en-Beaujolais, France",
    "phone": "+33 4 74 66 12 67",
    "monday": "Open 24 hours",
    "tuesday": "Open 24 hours",
    "wednesday": "Open 24 hours",
    "thursday": "Open 24 hours",
    "friday": "Open 24 hours",
    "saturday": "Open 24 hours",
    "sunday": "Open 24 hours"
  },
  {
    "clinic_name": "Clinique Vétérinaire des Tilleuls",
    "address": null,
    "phone": null,
    "monday": null,
    "tuesday": null,
    "wednesday": null,
    "thursday": null,
    "friday": null,
    "saturday": null,
    "sunday": null
  },
  {
    "clinic_name": "Clinique Vétérinaire du Volvestre",
    "address": "14 Chem. de l'Industrie, 31390 Carbonne, France",
    "phone": "+33 5 61 87 83 74",
    "monday": "8 AM–12 PM, 2–7 PM",
    "tuesday": "8 AM–12 PM, 2–7 PM",
    "wednesday": "8 AM–12 PM, 2–7 PM",
    "thursday": "8 AM–12 PM, 2–7 PM",
    "friday": "8 AM–12 PM, 2–7 PM",
    "saturday": "8 AM–12 PM, 2–6 PM",
    "sunday": "Closed"
  },
  {
    "clinic_name": "Clinique Vétérinaire Médicabanis",
    "address": "4 Rue de Cabanis, 31240 L'Union, France",
    "phone": "+33 5 61 74 65 07",
    "monday": "8 AM–1 PM, 2–7 PM",
    "tuesday": "8 AM–1 PM, 2–7 PM",
    "wednesday": "8 AM–1 PM, 2–7 PM",
    "thursday": "8 AM–1 PM, 2–7 PM",
    "friday": "8 AM–1 PM, 2–7 PM",
    "saturday": "Closed",
    "sunday": "Closed"
  },
  {
    "clinic_name": "Clinique Vétérinaire Saint Roch",
    "address": null,
    "phone": null,
    "monday": null,
    "tuesday": null,
    "wednesday": null,
    "thursday": null,
    "friday": null,
    "saturday": null,
    "sunday": null
  },
  {
    "clinic_name": "Clinique Vétérinaire Vet24",
    "address": null,
    "phone": null,
    "monday": null,
    "tuesday": null,
    "wednesday": null,
    "thursday": null,
    "friday": null,
    "saturday": null,
    "sunday": null
  },
  {
    "clinic_name": "AniCura Barendrecht",
    "address": null,
    "phone": null,
    "monday": null,
    "tuesday": null,
    "wednesday": null,
    "thursday": null,
    "friday": null,
    "saturday": null,
    "sunday": null
  },
  {
    "clinic_name": "AniCura Stroowaert",
    "address": "Stougjesdijk 294B, 3261 KW Oud-Beijerland, Netherlands",
    "phone": "+31 186 612 066",
    "monday": "8 AM–8 PM",
    "tuesday": "8 AM–8 PM",
    "wednesday": "8 AM–8 PM",
    "thursday": "8 AM–8 PM",
    "friday": "8 AM–8 PM",
    "saturday": "10 AM–12 PM",
    "sunday": "Closed"
  },
  {
    "clinic_name": "AniCura Dierenkliniek Rijngeest - Katwijk",
    "address": "Hoorneslaan 143, 2221 CM Katwijk aan Zee, Netherlands",
    "phone": "+31 71 515 6161",
    "monday": "9 AM–12:30 PM, 1:30–5 PM",
    "tuesday": "9 AM–12:30 PM, 1:30–5 PM, 6–7:30 PM",
    "wednesday": "9 AM–12:30 PM, 1:30–5 PM",
    "thursday": "9 AM–12:30 PM, 1:30–5 PM",
    "friday": "9 AM–12:30 PM, 1:30–5 PM",
    "saturday": "Closed",
    "sunday": "Closed"
  },
  {
    "clinic_name": "AniCura Dierenkliniek Rijngeest - Noordwijk",
    "address": "Prins Bernhardstraat 63, 2202 LG Noordwijk, Netherlands",
    "phone": "+31 71 361 5305",
    "monday": "9 AM–12:30 PM, 1:30–5 PM",
    "tuesday": "9 AM–12:30 PM, 1:30–5 PM",
    "wednesday": "9 AM–12:30 PM, 1:30–5 PM",
    "thursday": "9 AM–12:30 PM, 1:30–5 PM",
    "friday": "9 AM–12:30 PM, 1:30–5 PM",
    "saturday": "Closed",
    "sunday": "Closed"
  },
  {
    "clinic_name": "AniCura Dierenkliniek Rijngeest - Oegstgeest",
    "address": "President Kennedylaan 260, 2343 GX Oegstgeest, Netherlands",
    "phone": "+31 71 515 6161",
    "monday": "8 AM–9:15 PM",
    "tuesday": "8 AM–9:15 PM",
    "wednesday": "8 AM–9:15 PM",
    "thursday": "8 AM–9:15 PM",
    "friday": "8 AM–5 PM",
    "saturday": "8 AM–12 PM",
    "sunday": "Closed"
  },
  {
    "clinic_name": "AniCura Dierenkliniek Rijngeest - Rijnsburg",
    "address": "Dubbelebuurt 50, 2231 GL Rijnsburg, Netherlands",
    "phone": "+31 71 515 6161",
    "monday": "1:30–5 PM",
    "tuesday": "1:30–5 PM",
    "wednesday": "1:30–5 PM",
    "thursday": "1:30–5 PM",
    "friday": "Closed",
    "saturday": "Closed",
    "sunday": "Closed"
  },
  {
    "clinic_name": "AniCura Dierenkliniek Rijngeest - Voorhout",
    "address": "Oosthoutplein 14, 2215 VD Voorhout, Netherlands",
    "phone": "+31 252 215 231",
    "monday": "9 AM–12:30 PM, 1:30–5 PM, 6–7:30 PM",
    "tuesday": "9 AM–12:30 PM, 1:30–5 PM",
    "wednesday": "9 AM–12:30 PM, 1:30–5 PM",
    "thursday": "9 AM–12:30 PM, 1:30–5 PM",
    "friday": "9 AM–12:30 PM, 1:30–5 PM",
    "saturday": "Closed",
    "sunday": "Closed"
  },
  {
    "clinic_name": "AniCura Dierenkliniek Rotterdam",
    "address": null,
    "phone": null,
    "monday": null,
    "tuesday": null,
    "wednesday": null,
    "thursday": null,
    "friday": null,
    "saturday": null,
    "sunday": null
  },
  {
    "clinic_name": "AniCura Dierenkliniek Rotterdam - ENGLISH",
    "address": null,
    "phone": null,
    "monday": null,
    "tuesday": null,
    "wednesday": null,
    "thursday": null,
    "friday": null,
    "saturday": null,
    "sunday": null
  },
  {
    "clinic_name": "AniCura Ermelo",
    "address": "Dokter Holtropstraat 130, 3851 JM Ermelo, Netherlands",
    "phone": "+31 341 553 325",
    "monday": "8 AM–7:30 PM",
    "tuesday": "8 AM–7:30 PM",
    "wednesday": "8 AM–5:30 PM",
    "thursday": "8 AM–7:30 PM",
    "friday": "8 AM–6 PM",
    "saturday": "Closed",
    "sunday": "Closed"
  },
  {
    "clinic_name": "AniCura Harderwijk",
    "address": "Gelreweg 39, 3843 AN Harderwijk, Netherlands",
    "phone": "+31 341 553 325",
    "monday": "8 AM–5:30 PM",
    "tuesday": "8 AM–5:30 PM",
    "wednesday": "8 AM–5:30 PM",
    "thursday": "8 AM–7:30 PM",
    "friday": "8 AM–5:30 PM",
    "saturday": "Closed",
    "sunday": "Closed"
  },
  {
    "clinic_name": "AniCura Muggenburg",
    "address": "Verzetlaan 2, 1741 RA Schagen, Netherlands",
    "phone": "+31 224 213 395",
    "monday": "8 AM–8 PM",
    "tuesday": "8 AM–8 PM",
    "wednesday": "8 AM–6 PM",
    "thursday": "8 AM–6 PM",
    "friday": "8 AM–6 PM",
    "saturday": "Closed",
    "sunday": "Closed"
  },
  {
    "clinic_name": "AniCura Pasteurstraat",
    "address": "Pasteurstraat 147, 1782 JC Den Helder, Netherlands",
    "phone": "+31 223 622 627",
    "monday": "8 AM–5 PM",
    "tuesday": "8 AM–5 PM",
    "wednesday": "8 AM–5 PM",
    "thursday": "8 AM–5 PM",
    "friday": "8 AM–5 PM",
    "saturday": "Closed",
    "sunday": "Closed"
  },
  {
    "clinic_name": "AniCura Dierenkliniek Delft",
    "address": "Crommelinplein 5, 2627 BM Delft, Netherlands",
    "phone": "+31 15 285 0230",
    "monday": "8 AM–7 PM",
    "tuesday": "8 AM–8 PM",
    "wednesday": "8 AM–5 PM",
    "thursday": "8 AM–4:30 PM",
    "friday": "8 AM–8 PM",
    "saturday": "Closed",
    "sunday": "Closed"
  },
  {
    "clinic_name": "AniCura Zoetermeer",
    "address": "Brechtzijde 5, 2725 NR Zoetermeer, Netherlands",
    "phone": "+31 79 346 0214",
    "monday": "8:30 AM–8 PM",
    "tuesday": "8:30 AM–8 PM",
    "wednesday": "8:30 AM–8 PM",
    "thursday": "8:30 AM–8 PM",
    "friday": "8:30 AM–8 PM",
    "saturday": "Closed",
    "sunday": "Closed"
  },
  {
    "clinic_name": "AniCura 't Heike",
    "address": null,
    "phone": null,
    "monday": null,
    "tuesday": null,
    "wednesday": null,
    "thursday": null,
    "friday": null,
    "saturday": null,
    "sunday": null
  },
  {
    "clinic_name": "AniCura 't Leidse Land",
    "address": null,
    "phone": null,
    "monday": null,
    "tuesday": null,
    "wednesday": null,
    "thursday": null,
    "friday": null,
    "saturday": null,
    "sunday": null
  },
  {
    "clinic_name": "AniCura Assen",
    "address": "Borgstee 28, 9403 TV Assen, Netherlands",
    "phone": "+31 592 405 144",
    "monday": "9 AM–5:30 PM",
    "tuesday": "9 AM–5:30 PM",
    "wednesday": "9 AM–5:30 PM",
    "thursday": "9 AM–5:30 PM",
    "friday": "9 AM–5:30 PM",
    "saturday": "Closed",
    "sunday": "Closed"
  },
  {
    "clinic_name": "AniCura Dierenartsen Almere",
    "address": "Europalaan 836, 1363 BM Almere, Netherlands",
    "phone": "+31 36 536 9600",
    "monday": "9 AM–6 PM",
    "tuesday": "9 AM–6 PM",
    "wednesday": "9 AM–6 PM",
    "thursday": "9 AM–6 PM",
    "friday": "9 AM–6 PM",
    "saturday": "10 AM–2 PM",
    "sunday": "Closed"
  },
  {
    "clinic_name": "AniCura Dierenartsen Den Helder",
    "address": null,
    "phone": null,
    "monday": null,
    "tuesday": null,
    "wednesday": null,
    "thursday": null,
    "friday": null,
    "saturday": null,
    "sunday": null
  },
  {
    "clinic_name": "AniCura Dierenkliniek Baarn",
    "address": "Eemnesserweg 18, 3741 GA Baarn, Netherlands",
    "phone": "+31 35 541 5632",
    "monday": "9 AM–1 PM, 1:30–7 PM",
    "tuesday": "9 AM–1 PM, 1:30–5 PM",
    "wednesday": "9 AM–1 PM, 1:30–7 PM",
    "thursday": "9 AM–1 PM, 1:30–5 PM",
    "friday": "9 AM–1 PM, 1:30–5 PM",
    "saturday": "9:30–11 AM",
    "sunday": "Closed"
  },
  {
    "clinic_name": "AniCura Dierenkliniek De Waard - Alblasserdam",
    "address": "Potgieterstraat 2, 2951 XS Alblasserdam, Netherlands",
    "phone": "+31 78 693 0055",
    "monday": "8 AM–7 PM",
    "tuesday": "8 AM–5 PM",
    "wednesday": "8 AM–7 PM",
    "thursday": "8 AM–5 PM",
    "friday": "8 AM–7 PM",
    "saturday": "10 AM–12 PM",
    "sunday": "Closed"
  },
  {
    "clinic_name": "AniCura Dierenkliniek De Woldberg",
    "address": "Kaasweg 2, 8334 NT Tuk, Netherlands",
    "phone": "+31 521 514 848",
    "monday": "8 AM–6 PM",
    "tuesday": "8 AM–6 PM",
    "wednesday": "8 AM–6 PM",
    "thursday": "8 AM–6 PM",
    "friday": "8 AM–6 PM",
    "saturday": "Closed",
    "sunday": "Closed"
  },
  {
    "clinic_name": "AniCura Dierenkliniek Dierzorg",
    "address": "Guldenroedestraat 12, 4451 LP Heinkenszand, Netherlands",
    "phone": "+31 113 568 558",
    "monday": "8 AM–7:30 PM",
    "tuesday": "8 AM–7:30 PM",
    "wednesday": "8 AM–7:30 PM",
    "thursday": "8 AM–7:30 PM",
    "friday": "8 AM–7:30 PM",
    "saturday": "Closed",
    "sunday": "Closed"
  },
  {
    "clinic_name": "AniCura Dierenkliniek Eersel",
    "address": "Wolverstraat 21, 5525 AR Duizel, Netherlands",
    "phone": "+31 497 518 000",
    "monday": "8:30 AM–6 PM",
    "tuesday": "8:30 AM–6 PM",
    "wednesday": "8:30 AM–6 PM",
    "thursday": "8:30 AM–6 PM",
    "friday": "8:30 AM–6 PM",
    "saturday": "8:30 AM–5 PM",
    "sunday": "Closed"
  },
  {
    "clinic_name": "AniCura Dierenkliniek Het Overbosch",
    "address": null,
    "phone": null,
    "monday": null,
    "tuesday": null,
    "wednesday": null,
    "thursday": null,
    "friday": null,
    "saturday": null,
    "sunday": null
  },
  {
    "clinic_name": "AniCura Dierenkliniek Kerkelanden B.V.",
    "address": "Kerkelandenlaan 1, 1216 RN Hilversum, Netherlands",
    "phone": "+31 35 621 4147",
    "monday": "8 AM–6 PM",
    "tuesday": "8 AM–6 PM",
    "wednesday": "8 AM–6 PM",
    "thursday": "8 AM–6 PM",
    "friday": "8 AM–5 PM",
    "saturday": "10 AM–3 PM",
    "sunday": "Closed"
  },
  {
    "clinic_name": "AniCura Dierenkliniek Maaspoort",
    "address": "Belgeren 1, 5235 AM 's-Hertogenbosch, Netherlands",
    "phone": "+31 73 641 6578",
    "monday": "8 AM–7 PM",
    "tuesday": "8 AM–7 PM",
    "wednesday": "8 AM–6 PM",
    "thursday": "8 AM–7 PM",
    "friday": "8 AM–7 PM",
    "saturday": "Closed",
    "sunday": "Closed"
  },
  {
    "clinic_name": "AniCura Dierenkliniek Sleeuwijk",
    "address": "Loevestein 2, 4254 EH Sleeuwijk, Netherlands",
    "phone": "+31 183 301 708",
    "monday": "8 AM–8 PM",
    "tuesday": "8 AM–8 PM",
    "wednesday": "8 AM–8 PM",
    "thursday": "8 AM–8 PM",
    "friday": "8 AM–8 PM",
    "saturday": "8:30–10:30 AM",
    "sunday": "Closed"
  },
  {
    "clinic_name": "AniCura Dierenziekenhuis Breda",
    "address": null,
    "phone": null,
    "monday": null,
    "tuesday": null,
    "wednesday": null,
    "thursday": null,
    "friday": null,
    "saturday": null,
    "sunday": null
  },
  {
    "clinic_name": "AniCura Dierenziekenhuis Drechtstreek",
    "address": null,
    "phone": null,
    "monday": null,
    "tuesday": null,
    "wednesday": null,
    "thursday": null,
    "friday": null,
    "saturday": null,
    "sunday": null
  },
  {
    "clinic_name": "AniCura Dierenziekenhuis Tilburg",
    "address": "Koningsoordlaan 2, 5056 DA Berkel-Enschot, Netherlands",
    "phone": "+31 13 540 0215",
    "monday": "8:30 AM–7 PM",
    "tuesday": "8:30 AM–7 PM",
    "wednesday": "8:30 AM–7 PM",
    "thursday": "8:30 AM–7 PM",
    "friday": "8:30 AM–6 PM",
    "saturday": "9:30 AM–12:30 PM",
    "sunday": "Closed"
  },
  {
    "clinic_name": "AniCura Dierenziekenhuis Zeeuws-Vlaanderen",
    "address": "Van Diemenstraat 83, 4535 AR Terneuzen, Netherlands",
    "phone": "+31 115 619 628",
    "monday": "9 AM–7:30 PM",
    "tuesday": "9 AM–7:30 PM",
    "wednesday": "9 AM–7:30 PM",
    "thursday": "9 AM–7:30 PM",
    "friday": "9 AM–5:30 PM",
    "saturday": "10 AM–12 PM",
    "sunday": "Closed"
  },
  {
    "clinic_name": "Anicura het Ravelijn",
    "address": "Het Ravelijn 2, 8332 GN Steenwijk, Netherlands",
    "phone": "+31 521 320 212",
    "monday": "8 AM–12 PM, 1–6 PM",
    "tuesday": "8 AM–12 PM, 1–6 PM",
    "wednesday": "8 AM–12 PM, 1–6 PM",
    "thursday": "8 AM–12 PM, 1–6 PM",
    "friday": "8 AM–12 PM, 1–5 PM",
    "saturday": "Closed",
    "sunday": "Closed"
  },
  {
    "clinic_name": "AniCura Hillegom",
    "address": "Henri Dunantplein 29-31, 2181 EM Hillegom, Netherlands",
    "phone": "+31 252 518 020",
    "monday": "8 AM–5:30 PM",
    "tuesday": "8 AM–8 PM",
    "wednesday": "8 AM–8 PM",
    "thursday": "8 AM–8 PM",
    "friday": "8 AM–5:30 PM",
    "saturday": "Closed",
    "sunday": "Closed"
  },
  {
    "clinic_name": "AniCura Hoofddorp en Nieuw-Vennep",
    "address": "Händelplein 5a, 2151 NL Nieuw-Vennep, Netherlands",
    "phone": "+31 252 680 160",
    "monday": "9 AM–6 PM",
    "tuesday": "9 AM–6 PM",
    "wednesday": "9 AM–6 PM",
    "thursday": "9 AM–6 PM",
    "friday": "9 AM–6 PM",
    "saturday": "Closed",
    "sunday": "Closed"
  },
  {
    "clinic_name": "AniCura Hoogvliet",
    "address": null,
    "phone": null,
    "monday": null,
    "tuesday": null,
    "wednesday": null,
    "thursday": null,
    "friday": null,
    "saturday": null,
    "sunday": null
  },
  {
    "clinic_name": "AniCura Kennemerland-Beverwijk-IJmond",
    "address": null,
    "phone": null,
    "monday": null,
    "tuesday": null,
    "wednesday": null,
    "thursday": null,
    "friday": null,
    "saturday": null,
    "sunday": null
  },
  {
    "clinic_name": "AniCura Leeuwarden",
    "address": "Jelsumerstraat 47, 8917 EM Leeuwarden, Netherlands",
    "phone": "+31 58 212 3891",
    "monday": "8 AM–6 PM",
    "tuesday": "8 AM–6 PM",
    "wednesday": "8 AM–6 PM",
    "thursday": "8 AM–6 PM",
    "friday": "8 AM–6 PM",
    "saturday": "Closed",
    "sunday": "Closed"
  },
  {
    "clinic_name": "AniCura Maastricht",
    "address": "De Beente 28, 6229 AV Maastricht, Netherlands",
    "phone": "+31 43 356 0555",
    "monday": "9 AM–12 PM, 1–5:30 PM",
    "tuesday": "9 AM–12 PM, 1–5:30 PM",
    "wednesday": "9 AM–12 PM, 1–5:30 PM",
    "thursday": "9 AM–12 PM, 1–5:30 PM",
    "friday": "9 AM–12 PM, 1–5:30 PM",
    "saturday": "Closed",
    "sunday": "Closed"
  },
  {
    "clinic_name": "AniCura Naarden-Bussum",
    "address": "Brinklaan 148, 1404 GW Bussum, Netherlands",
    "phone": "+31 35 692 2013",
    "monday": "8:45 AM–6 PM",
    "tuesday": "8:45 AM–6 PM",
    "wednesday": "8:45 AM–6 PM",
    "thursday": "8:45 AM–6 PM",
    "friday": "8:45 AM–6 PM",
    "saturday": "10 AM–1 PM",
    "sunday": "Closed"
  },
  {
    "clinic_name": "AniCura Oss",
    "address": "Obrechtstraat 2, 5344 AT Oss, Netherlands",
    "phone": "+31 412 656 767",
    "monday": "9 AM–12:30 PM, 1:30–7 PM",
    "tuesday": "9 AM–12:30 PM, 1:30–6 PM",
    "wednesday": "9 AM–12:30 PM, 1:30–6 PM",
    "thursday": "9 AM–12:30 PM, 1:30–7 PM",
    "friday": "9 AM–12:30 PM, 1:30–6 PM",
    "saturday": "Closed",
    "sunday": "Closed"
  },
  {
    "clinic_name": "AniCura Schouwen-Duiveland",
    "address": null,
    "phone": null,
    "monday": null,
    "tuesday": null,
    "wednesday": null,
    "thursday": null,
    "friday": null,
    "saturday": null,
    "sunday": null
  },
  {
    "clinic_name": "AniCura West-Friesland",
    "address": null,
    "phone": null,
    "monday": null,
    "tuesday": null,
    "wednesday": null,
    "thursday": null,
    "friday": null,
    "saturday": null,
    "sunday": null
  },
  {
    "clinic_name": "AniCura Zuidlaren",
    "address": "Havezathelaan 112, 9472 PZ Zuidlaren, Netherlands",
    "phone": "+31 50 409 4665",
    "monday": "8 AM–12:30 PM, 1–5 PM",
    "tuesday": "8 AM–12:30 PM, 1–5 PM",
    "wednesday": "8 AM–12:30 PM, 1–5 PM",
    "thursday": "8 AM–12:30 PM, 1–5 PM",
    "friday": "8 AM–12:30 PM, 1–5 PM",
    "saturday": "Closed",
    "sunday": "Closed"
  },
  {
    "clinic_name": "AniCura ZuidOost",
    "address": "Gerwenseweg 68, 5708 EL Helmond, Netherlands",
    "phone": "+31 492 533 808",
    "monday": "8:30 AM–7 PM",
    "tuesday": "8:30 AM–6 PM",
    "wednesday": "8:30 AM–6 PM",
    "thursday": "8:30 AM–6 PM",
    "friday": "8:30 AM–6 PM",
    "saturday": "Closed",
    "sunday": "Closed"
  },
  {
    "clinic_name": "Dierenkliniek Bossenbuurt",
    "address": "Belvédèrebos 1C, 2715 VA Zoetermeer, Netherlands",
    "phone": "+31 79 360 5470",
    "monday": "8 AM–6 PM",
    "tuesday": "8 AM–6 PM",
    "wednesday": "8 AM–6 PM",
    "thursday": "8 AM–6 PM",
    "friday": "8 AM–6 PM",
    "saturday": "Closed",
    "sunday": "Closed"
  },
  {
    "clinic_name": "Dierenziekenhuis Oldenzaal",
    "address": "Graveneslaan 1, 7576 BE Oldenzaal, Netherlands",
    "phone": "+31 541 533 220",
    "monday": "8:30 AM–7 PM",
    "tuesday": "8:30 AM–7 PM",
    "wednesday": "8:30 AM–7 PM",
    "thursday": "8:30 AM–7 PM",
    "friday": "8:30 AM–6 PM",
    "saturday": "9:30–11:30 AM",
    "sunday": "Closed"
  },
  {
    "clinic_name": "Diergeneeskundig Centrum Hopmans",
    "address": null,
    "phone": null,
    "monday": null,
    "tuesday": null,
    "wednesday": null,
    "thursday": null,
    "friday": null,
    "saturday": null,
    "sunday": null
  },
  {
    "clinic_name": "aniDOC - Praxis Münster-Nord",
    "address": "An d. Kleimannbrücke 13A, 48157 Münster, Germany",
    "phone": "+49 251 97430800",
    "monday": "9 AM–6 PM",
    "tuesday": "9 AM–6 PM",
    "wednesday": "9 AM–6 PM",
    "thursday": "9 AM–6 PM",
    "friday": "9 AM–6 PM",
    "saturday": "Closed",
    "sunday": "Closed"
  },
  {
    "clinic_name": "aniDOC - Praxis Münster-Süd",
    "address": "Geringhoffstraße 52, 48163 Münster, Germany",
    "phone": "+49 251 2007175",
    "monday": "8 AM–7 PM",
    "tuesday": "8 AM–7 PM",
    "wednesday": "8 AM–7 PM",
    "thursday": "8 AM–7 PM",
    "friday": "8 AM–7 PM",
    "saturday": "9 AM–1 PM",
    "sunday": "11 AM–12 PM"
  },
  {
    "clinic_name": "Brookfield Veterinary Practice - Hereford",
    "address": "1 Old Eign Hill, Hereford HR1 1TU, United Kingdom",
    "phone": "+44 1432 357222",
    "monday": "9 AM–6:30 PM",
    "tuesday": "9 AM–6:30 PM",
    "wednesday": "9 AM–6:30 PM",
    "thursday": "9 AM–6:30 PM",
    "friday": "9 AM–6:30 PM",
    "saturday": "9 AM–1 PM",
    "sunday": "Closed"
  },
  {
    "clinic_name": "Brookfield Veterinary Practice - Ledbury",
    "address": "The Nook, Hereford Rd, Ledbury HR8 2PR, United Kingdom",
    "phone": "+44 1531 633922",
    "monday": "8:30 AM–6 PM",
    "tuesday": "8:30 AM–6 PM",
    "wednesday": "8:30 AM–6 PM",
    "thursday": "8:30 AM–6 PM",
    "friday": "8:30 AM–6 PM",
    "saturday": "9 AM–12 PM",
    "sunday": "Closed"
  },
  {
    "clinic_name": "Stem Cell Vet",
    "address": "600 Oakridge Cmns, South Salem, NY 10590",
    "phone": "(914) 533-6066",
    "monday": "9 AM–5 PM",
    "tuesday": "9 AM–6 PM",
    "wednesday": "9 AM–6 PM",
    "thursday": "9 AM–6 PM",
    "friday": "9 AM–5 PM",
    "saturday": "Closed",
    "sunday": "Closed"
  },
  {
    "clinic_name": "Bruton Veterinary Practice",
    "address": null,
    "phone": null,
    "monday": null,
    "tuesday": null,
    "wednesday": null,
    "thursday": null,
    "friday": null,
    "saturday": null,
    "sunday": null
  },
  {
    "clinic_name": "Cabinet Vétérinaire du Bélon - EN",
    "address": "20 bis Rue François Cadoret, 29340 Riec-sur-Bélon, France",
    "phone": "+33 2 98 09 24 74",
    "monday": null,
    "tuesday": null,
    "wednesday": null,
    "thursday": null,
    "friday": null,
    "saturday": null,
    "sunday": null
  },
  {
    "clinic_name": "Cabinet Vétérinaire du Bélon - FR",
    "address": null,
    "phone": null,
    "monday": null,
    "tuesday": null,
    "wednesday": null,
    "thursday": null,
    "friday": null,
    "saturday": null,
    "sunday": null
  },
  {
    "clinic_name": "Cabinet Vétérinaire Waringo-Grünewald - French",
    "address": "205 A Rte de Treves, 6940 Niederanven, Luxembourg",
    "phone": "+352 34 88 65",
    "monday": "8:30 AM–6 PM",
    "tuesday": "8:30 AM–6 PM",
    "wednesday": "8:30 AM–6 PM",
    "thursday": "8:30 AM–6 PM",
    "friday": "8:30 AM–6 PM",
    "saturday": "Closed",
    "sunday": "Closed"
  },
  {
    "clinic_name": "Cabinet Vétérinaire Waringo-Grünewald Sàrl",
    "address": "205 A Rte de Treves, 6940 Niederanven, Luxembourg",
    "phone": "+352 34 88 65",
    "monday": "8:30 AM–6 PM",
    "tuesday": "8:30 AM–6 PM",
    "wednesday": "8:30 AM–6 PM",
    "thursday": "8:30 AM–6 PM",
    "friday": "8:30 AM–6 PM",
    "saturday": "Closed",
    "sunday": "Closed"
  },
  {
    "clinic_name": "ChesterGates Vet Specialists - Cardiology",
    "address": null,
    "phone": null,
    "monday": null,
    "tuesday": null,
    "wednesday": null,
    "thursday": null,
    "friday": null,
    "saturday": null,
    "sunday": null
  },
  {
    "clinic_name": "ChesterGates Vet Specialists - Internal Medicine",
    "address": "Units E and F, Telford Court, Gates Ln, Chestergates CH1 6LT, United Kingdom",
    "phone": "+44 1244 853823",
    "monday": "Open 24 hours",
    "tuesday": "Open 24 hours",
    "wednesday": "Open 24 hours",
    "thursday": "Open 24 hours",
    "friday": "Open 24 hours",
    "saturday": "Open 24 hours",
    "sunday": "Open 24 hours"
  },
  {
    "clinic_name": "ChesterGates Vet Specialists - Neurology",
    "address": "Units E and F, Telford Court, Gates Ln, Chestergates CH1 6LT, United Kingdom",
    "phone": "+44 1244 853823",
    "monday": "Open 24 hours",
    "tuesday": "Open 24 hours",
    "wednesday": "Open 24 hours",
    "thursday": "Open 24 hours",
    "friday": "Open 24 hours",
    "saturday": "Open 24 hours",
    "sunday": "Open 24 hours"
  },
  {
    "clinic_name": "ChesterGates Vet Specialists - Oncology",
    "address": null,
    "phone": null,
    "monday": null,
    "tuesday": null,
    "wednesday": null,
    "thursday": null,
    "friday": null,
    "saturday": null,
    "sunday": null
  },
  {
    "clinic_name": "ChesterGates Vet Specialists - Ophthalmology",
    "address": null,
    "phone": null,
    "monday": null,
    "tuesday": null,
    "wednesday": null,
    "thursday": null,
    "friday": null,
    "saturday": null,
    "sunday": null
  },
  {
    "clinic_name": "ChesterGates Vet Specialists - Orthopaedic",
    "address": "Units E and F, Telford Court, Gates Ln, Chestergates CH1 6LT, United Kingdom",
    "phone": "+44 1244 853823",
    "monday": "Open 24 hours",
    "tuesday": "Open 24 hours",
    "wednesday": "Open 24 hours",
    "thursday": "Open 24 hours",
    "friday": "Open 24 hours",
    "saturday": "Open 24 hours",
    "sunday": "Open 24 hours"
  },
  {
    "clinic_name": "ChesterGates Vet Specialists - Physiotherapy",
    "address": "Units E and F, Telford Court, Gates Ln, Chestergates CH1 6LT, United Kingdom",
    "phone": "+44 1244 853823",
    "monday": "Open 24 hours",
    "tuesday": "Open 24 hours",
    "wednesday": "Open 24 hours",
    "thursday": "Open 24 hours",
    "friday": "Open 24 hours",
    "saturday": "Open 24 hours",
    "sunday": "Open 24 hours"
  },
  {
    "clinic_name": "ChesterGates Vet Specialists - Soft Tissue",
    "address": "Units E and F, Telford Court, Gates Ln, Chestergates CH1 6LT, United Kingdom",
    "phone": "+44 1244 853823",
    "monday": "Open 24 hours",
    "tuesday": "Open 24 hours",
    "wednesday": "Open 24 hours",
    "thursday": "Open 24 hours",
    "friday": "Open 24 hours",
    "saturday": "Open 24 hours",
    "sunday": "Open 24 hours"
  },
  {
    "clinic_name": "Dovecote - Dermatology",
    "address": "475 Maitland Ave, Altamonte Springs, FL 32701",
    "phone": "(407) 986-3376",
    "monday": "8 AM–5:30 PM",
    "tuesday": "8 AM–5:30 PM",
    "wednesday": "8 AM–5:30 PM",
    "thursday": "8 AM–5:30 PM",
    "friday": "8 AM–4:30 PM",
    "saturday": "Closed",
    "sunday": "Closed"
  },
  {
    "clinic_name": "Dovecote - Internal Medicine",
    "error": "Google hasn't returned any results for this query."
  },
  {
    "clinic_name": "Dovecote - Neurology",
    "address": "Dovecote Veterinary Hospital, 5 Delven Ln, Castle Donington, Derby DE74 2LJ, United Kingdom",
    "phone": "+44 1332 810395",
    "monday": "8 AM–7 PM",
    "tuesday": "8 AM–7 PM",
    "wednesday": "8 AM–7 PM",
    "thursday": "8 AM–7 PM",
    "friday": "8 AM–7 PM",
    "saturday": "Closed",
    "sunday": "Closed"
  },
  {
    "clinic_name": "Dovecote - Oncology",
    "address": null,
    "phone": null,
    "monday": null,
    "tuesday": null,
    "wednesday": null,
    "thursday": null,
    "friday": null,
    "saturday": null,
    "sunday": null
  },
  {
    "clinic_name": "Dovecote - Ophthalmology",
    "address": null,
    "phone": null,
    "monday": null,
    "tuesday": null,
    "wednesday": null,
    "thursday": null,
    "friday": null,
    "saturday": null,
    "sunday": null
  },
  {
    "clinic_name": "Dovecote - Orthopaedics",
    "error": "Google hasn't returned any results for this query."
  },
  {
    "clinic_name": "Dovecote - Soft Tissue",
    "address": "Dovecote Veterinary Hospital, 5 Delven Ln, Castle Donington, Derby DE74 2LJ, United Kingdom",
    "phone": "+44 1332 810395",
    "monday": "8 AM–7 PM",
    "tuesday": "8 AM–7 PM",
    "wednesday": "8 AM–7 PM",
    "thursday": "8 AM–7 PM",
    "friday": "8 AM–7 PM",
    "saturday": "Closed",
    "sunday": "Closed"
  },
  {
    "clinic_name": "NiVS - Cardiology",
    "address": null,
    "phone": null,
    "monday": null,
    "tuesday": null,
    "wednesday": null,
    "thursday": null,
    "friday": null,
    "saturday": null,
    "sunday": null
  },
  {
    "clinic_name": "NiVS - Internal Medicine",
    "address": null,
    "phone": null,
    "monday": null,
    "tuesday": null,
    "wednesday": null,
    "thursday": null,
    "friday": null,
    "saturday": null,
    "sunday": null
  },
  {
    "clinic_name": "NiVS - Neurology",
    "address": null,
    "phone": null,
    "monday": null,
    "tuesday": null,
    "wednesday": null,
    "thursday": null,
    "friday": null,
    "saturday": null,
    "sunday": null
  },
  {
    "clinic_name": "NiVS - Orthopaedics",
    "address": null,
    "phone": null,
    "monday": null,
    "tuesday": null,
    "wednesday": null,
    "thursday": null,
    "friday": null,
    "saturday": null,
    "sunday": null
  },
  {
    "clinic_name": "NiVS - Outpatient CT",
    "address": null,
    "phone": null,
    "monday": null,
    "tuesday": null,
    "wednesday": null,
    "thursday": null,
    "friday": null,
    "saturday": null,
    "sunday": null
  },
  {
    "clinic_name": "NiVS - Soft Tissue",
    "address": null,
    "phone": null,
    "monday": null,
    "tuesday": null,
    "wednesday": null,
    "thursday": null,
    "friday": null,
    "saturday": null,
    "sunday": null
  },
  {
    "clinic_name": "Seadown Veterinary Services - Hythe",
    "address": "Frost Ln, Hythe, Southampton SO45 3NG, United Kingdom",
    "phone": "+44 23 8084 2237",
    "monday": "8:30 AM–6 PM",
    "tuesday": "8:30 AM–6 PM",
    "wednesday": "8:30 AM–6 PM",
    "thursday": "8:30 AM–6 PM",
    "friday": "8:30 AM–6 PM",
    "saturday": "8:30 AM–5 PM",
    "sunday": "Closed"
  },
  {
    "clinic_name": "Seadown Veterinary Services - Lymington",
    "address": "4 Avenue Rd, Lymington SO41 9GJ, United Kingdom",
    "phone": "+44 1590 672027",
    "monday": "8:30 AM–7 PM",
    "tuesday": "8:30 AM–6 PM",
    "wednesday": "8:30 AM–6 PM",
    "thursday": "8:30 AM–6 PM",
    "friday": "8:30 AM–6 PM",
    "saturday": "8:30 AM–12 PM",
    "sunday": "Closed"
  },
  {
    "clinic_name": "Seadown Veterinary Services - Totton",
    "address": "84 Salisbury Rd, Totton, Southampton SO40 3JA, United Kingdom",
    "phone": "+44 23 8066 3817",
    "monday": "8:30 AM–6 PM",
    "tuesday": "8:30 AM–6 PM",
    "wednesday": "8:30 AM–6 PM",
    "thursday": "8:30 AM–6 PM",
    "friday": "8:30 AM–6 PM",
    "saturday": "8:30 AM–11:30 PM",
    "sunday": "Closed"
  },
  {
    "clinic_name": "Stokewood Veterinary Centre",
    "address": "5 Stokewood Rd, Bournemouth BH3 7NA, United Kingdom",
    "phone": "+44 1202 532817",
    "monday": "8 AM–7 PM",
    "tuesday": "8 AM–7 PM",
    "wednesday": "8 AM–7 PM",
    "thursday": "8 AM–7 PM",
    "friday": "8 AM–7 PM",
    "saturday": "8 AM–12:30 PM",
    "sunday": "Closed"
  },
  {
    "clinic_name": "Werrington Vets",
    "address": "Unit 2, Brookfield Trade Park, 1210 Lincoln Rd, Peterborough PE4 6LA, United Kingdom",
    "phone": "+44 1733 977200",
    "monday": "8:30 AM–7 PM",
    "tuesday": "8:30 AM–7 PM",
    "wednesday": "8:30 AM–7 PM",
    "thursday": "8:30 AM–7 PM",
    "friday": "8:30 AM–7 PM",
    "saturday": "9 AM–12:30 PM",
    "sunday": "Closed"
  },
  {
    "clinic_name": "MVS Vets - Orthopaedics",
    "address": null,
    "phone": null,
    "monday": null,
    "tuesday": null,
    "wednesday": null,
    "thursday": null,
    "friday": null,
    "saturday": null,
    "sunday": null
  },
  {
    "clinic_name": "DAP van Anrooij Goes",
    "address": "Van Hogendorplaan 6, 4463 VR Goes, Netherlands",
    "phone": "+31 113 223 381",
    "monday": "8 AM–6 PM",
    "tuesday": "8 AM–6 PM",
    "wednesday": "8 AM–6 PM",
    "thursday": "8 AM–6 PM",
    "friday": "8 AM–6 PM",
    "saturday": "Closed",
    "sunday": "Closed"
  },
  {
    "clinic_name": "DAP van Anrooij Kortgene",
    "address": "Hoofdstraat 22, 4484 CE Kortgene, Netherlands",
    "phone": "+31 113 302 145",
    "monday": "8 AM–1 PM",
    "tuesday": "8 AM–1 PM",
    "wednesday": "8 AM–1 PM",
    "thursday": "8 AM–1 PM",
    "friday": "8 AM–1 PM",
    "saturday": "Closed",
    "sunday": "Closed"
  },
  {
    "clinic_name": "De Dierenarts Deurne",
    "address": null,
    "phone": null,
    "monday": null,
    "tuesday": null,
    "wednesday": null,
    "thursday": null,
    "friday": null,
    "saturday": null,
    "sunday": null
  },
  {
    "clinic_name": "De Dierenarts Helmond",
    "address": null,
    "phone": null,
    "monday": null,
    "tuesday": null,
    "wednesday": null,
    "thursday": null,
    "friday": null,
    "saturday": null,
    "sunday": null
  },
  {
    "clinic_name": "Dier & Oog (ENG)",
    "address": "Namensestraat 13, 2587 VV Den Haag, Netherlands",
    "phone": "+31 6 24425308",
    "monday": null,
    "tuesday": null,
    "wednesday": null,
    "thursday": null,
    "friday": null,
    "saturday": null,
    "sunday": null
  },
  {
    "clinic_name": "Dier & Oog (NL)",
    "address": "Namensestraat 13, 2587 VV Den Haag, Netherlands",
    "phone": "+31 6 24425308",
    "monday": null,
    "tuesday": null,
    "wednesday": null,
    "thursday": null,
    "friday": null,
    "saturday": null,
    "sunday": null
  },
  {
    "clinic_name": "Dierenkliniek Diessen",
    "address": "Beekseweg 11A, 5087 KA Diessen, Netherlands",
    "phone": "+31 13 504 2402",
    "monday": "8 AM–5 PM",
    "tuesday": "8 AM–5 PM",
    "wednesday": "8 AM–5 PM",
    "thursday": "8 AM–5 PM",
    "friday": "8 AM–5 PM",
    "saturday": "Closed",
    "sunday": "Closed"
  },
  {
    "clinic_name": "Dierenkliniek Goirle",
    "address": "Abcovenseweg 17, 5051 PT Goirle, Netherlands",
    "phone": "+31 13 504 2402",
    "monday": "8:30–10 AM, 1–6 PM",
    "tuesday": "8:30–10 AM, 1–6 PM",
    "wednesday": "8:30–10 AM, 1–6 PM",
    "thursday": "8:30–10 AM, 1–6 PM",
    "friday": "8:30–10 AM, 1–6 PM",
    "saturday": "9 AM–12 PM",
    "sunday": "Closed"
  },
  {
    "clinic_name": "Dierenkliniek Stokhasselt",
    "address": "Strausslaan 118, 5011 KJ Tilburg, Netherlands",
    "phone": "+31 13 504 2402",
    "monday": "8:30–10 AM, 1–6 PM",
    "tuesday": "8:30–10 AM, 1–6 PM",
    "wednesday": "8:30–10 AM, 1–6 PM",
    "thursday": "8:30–10 AM, 1–6 PM",
    "friday": "8:30–10 AM, 1–6 PM",
    "saturday": "Closed",
    "sunday": "Closed"
  },
  {
    "clinic_name": "Veterinary clinic in Diessen",
    "address": null,
    "phone": null,
    "monday": null,
    "tuesday": null,
    "wednesday": null,
    "thursday": null,
    "friday": null,
    "saturday": null,
    "sunday": null
  },
  {
    "clinic_name": "Veterinary clinic in Goirle",
    "address": null,
    "phone": null,
    "monday": null,
    "tuesday": null,
    "wednesday": null,
    "thursday": null,
    "friday": null,
    "saturday": null,
    "sunday": null
  },
  {
    "clinic_name": "Veterinary clinic in Stokhasselt",
    "address": null,
    "phone": null,
    "monday": null,
    "tuesday": null,
    "wednesday": null,
    "thursday": null,
    "friday": null,
    "saturday": null,
    "sunday": null
  },
  {
    "clinic_name": "Dierenartsenpraktijk Zwolle Zwartewaterland",
    "address": "Burgemeester Malcorpslaan 1, 8061 AK Hasselt, Netherlands",
    "phone": "+31 38 477 1951",
    "monday": null,
    "tuesday": null,
    "wednesday": null,
    "thursday": null,
    "friday": null,
    "saturday": null,
    "sunday": null
  },
  {
    "clinic_name": "Dierenkliniek Balkbrug-Nieuwleusen",
    "address": null,
    "phone": null,
    "monday": null,
    "tuesday": null,
    "wednesday": null,
    "thursday": null,
    "friday": null,
    "saturday": null,
    "sunday": null
  },
  {
    "clinic_name": "Diergeneeskundig Centrum Dalfsen",
    "address": "Van Ittersumstraat 1, 7721 DL Dalfsen, Netherlands",
    "phone": "+31 529 435 363",
    "monday": "8 AM–6 PM",
    "tuesday": "8 AM–6 PM",
    "wednesday": "8 AM–6 PM",
    "thursday": "8 AM–6 PM",
    "friday": "8 AM–6 PM",
    "saturday": "8–10 AM",
    "sunday": "Closed"
  },
  {
    "clinic_name": "Dierenkliniek Gennep",
    "address": "Langeweg 207, 6591 XB Gennep, Netherlands",
    "phone": "+31 485 511 872",
    "monday": "1–6 PM",
    "tuesday": "1–6 PM",
    "wednesday": "1–6 PM",
    "thursday": "1–6 PM",
    "friday": "1–6 PM",
    "saturday": "Closed",
    "sunday": "Closed"
  },
  {
    "clinic_name": "Dierenkliniek Velden",
    "address": "Vilgert 51, 5941 CS Velden, Netherlands",
    "phone": "+31 77 472 2697",
    "monday": "1–5:30 PM",
    "tuesday": "1–5:30 PM",
    "wednesday": "1–5:30 PM",
    "thursday": "1–5:30 PM",
    "friday": "1–5:30 PM",
    "saturday": "Closed",
    "sunday": "Closed"
  },
  {
    "clinic_name": "Dierenkliniek Hoogveld - Echt",
    "address": "Hoogveldsweg 34, 6102 CB Echt, Netherlands",
    "phone": "+31 475 485 151",
    "monday": "8 AM–6 PM",
    "tuesday": "8 AM–6 PM",
    "wednesday": "8 AM–6 PM",
    "thursday": "8 AM–6 PM",
    "friday": "8 AM–6 PM",
    "saturday": "9 AM–12 PM",
    "sunday": "Closed"
  },
  {
    "clinic_name": "Tierklinik Hoogveld - Susteren",
    "address": "Marktstraat 30, 6114 HT Susteren, Netherlands",
    "phone": "+31 46 711 1295",
    "monday": "3–6:30 PM",
    "tuesday": "3–6:30 PM",
    "wednesday": "3–6:30 PM",
    "thursday": "3–6:30 PM",
    "friday": "3–6:30 PM",
    "saturday": "Closed",
    "sunday": "Closed"
  },
  {
    "clinic_name": "Dierenkliniek Rivierenbuurt",
    "address": "Rijnstraat 12 H, 1078 RA Amsterdam, Netherlands",
    "phone": "+31 20 470 9306",
    "monday": "9 AM–1 PM, 2–7 PM",
    "tuesday": "9 AM–1 PM, 2–7 PM",
    "wednesday": "9 AM–1 PM, 2–7 PM",
    "thursday": "9 AM–1 PM, 2–7 PM",
    "friday": "9 AM–1 PM, 2–7 PM",
    "saturday": "10 AM–1 PM",
    "sunday": "Closed"
  },
  {
    "clinic_name": "Dierenkliniek Rivierenbuurt - English",
    "address": "Rijnstraat 12 H, 1078 RA Amsterdam, Netherlands",
    "phone": "+31 20 470 9306",
    "monday": "9 AM–1 PM, 2–7 PM",
    "tuesday": "9 AM–1 PM, 2–7 PM",
    "wednesday": "9 AM–1 PM, 2–7 PM",
    "thursday": "9 AM–1 PM, 2–7 PM",
    "friday": "9 AM–1 PM, 2–7 PM",
    "saturday": "10 AM–1 PM",
    "sunday": "Closed"
  },
  {
    "clinic_name": "Cat Clinic Sarphatipark",
    "address": "Karel du Jardinstraat 67A, 1, 1073 TB Amsterdam, Netherlands",
    "phone": "+31 20 224 6141",
    "monday": "9 AM–5 PM",
    "tuesday": "9 AM–5 PM",
    "wednesday": "9 AM–5 PM",
    "thursday": "9 AM–5 PM",
    "friday": "9 AM–5 PM",
    "saturday": "Closed",
    "sunday": "Closed"
  },
  {
    "clinic_name": "Dierenkliniek Spaarne",
    "address": "Jan van Goyenstraat 18, 2102 CB Heemstede, Netherlands",
    "phone": "+31 23 303 6891",
    "monday": "9 AM–5 PM",
    "tuesday": "9 AM–5 PM",
    "wednesday": "9 AM–5 PM",
    "thursday": "9 AM–5 PM",
    "friday": "9 AM–5 PM",
    "saturday": "Closed",
    "sunday": "Closed"
  },
  {
    "clinic_name": "Dierenkliniek Vondelpark B.V.",
    "address": "Sophialaan 53, 1075 BP Amsterdam, Netherlands",
    "phone": "+31 20 662 0101",
    "monday": "8:30 AM–8 PM",
    "tuesday": "8:30 AM–8 PM",
    "wednesday": "8:30 AM–8 PM",
    "thursday": "8:30 AM–8 PM",
    "friday": "8:30 AM–8 PM",
    "saturday": "10 AM–4 PM",
    "sunday": "Closed"
  },
  {
    "clinic_name": "Kattenkliniek Sarphatipark",
    "address": "Karel du Jardinstraat 67A, 1, 1073 TB Amsterdam, Netherlands",
    "phone": "+31 20 224 6141",
    "monday": "9 AM–5 PM",
    "tuesday": "9 AM–5 PM",
    "wednesday": "9 AM–5 PM",
    "thursday": "9 AM–5 PM",
    "friday": "9 AM–5 PM",
    "saturday": "Closed",
    "sunday": "Closed"
  },
  {
    "clinic_name": "Veterinary Clinic Spaarne",
    "address": null,
    "phone": null,
    "monday": null,
    "tuesday": null,
    "wednesday": null,
    "thursday": null,
    "friday": null,
    "saturday": null,
    "sunday": null
  },
  {
    "clinic_name": "Veterinary Clinic Vondelpark",
    "address": "Sophialaan 53, 1075 BP Amsterdam, Netherlands",
    "phone": "+31 20 662 0101",
    "monday": "8:30 AM–8 PM",
    "tuesday": "8:30 AM–8 PM",
    "wednesday": "8:30 AM–8 PM",
    "thursday": "8:30 AM–8 PM",
    "friday": "8:30 AM–8 PM",
    "saturday": "10 AM–4 PM",
    "sunday": "Closed"
  },
  {
    "clinic_name": "Dierenkliniek Westlandgracht",
    "address": "Woestduinstraat 56, 1058 TG Amsterdam, Netherlands",
    "phone": "+31 20 244 7665",
    "monday": "8 AM–4 PM",
    "tuesday": "8 AM–4 PM",
    "wednesday": "12–5 PM",
    "thursday": "8 AM–4 PM",
    "friday": "8 AM–4 PM",
    "saturday": "Closed",
    "sunday": "Closed"
  },
  {
    "clinic_name": "Dierenkliniek Westlandgracht",
    "address": "Woestduinstraat 56, 1058 TG Amsterdam, Netherlands",
    "phone": "+31 20 244 7665",
    "monday": "8 AM–4 PM",
    "tuesday": "8 AM–4 PM",
    "wednesday": "12–5 PM",
    "thursday": "8 AM–4 PM",
    "friday": "8 AM–4 PM",
    "saturday": "Closed",
    "sunday": "Closed"
  },
  {
    "clinic_name": "All Creatures Veterinary Surgery - Chelsfield",
    "address": "51 Windsor Dr, Orpington BR6 6EY, United Kingdom",
    "phone": "+44 1689 856220",
    "monday": "8:30 AM–6 PM",
    "tuesday": "8:30 AM–6 PM",
    "wednesday": "8:30 AM–6 PM",
    "thursday": "8:30 AM–6 PM",
    "friday": "8:30 AM–6 PM",
    "saturday": "8:30 AM–1 PM",
    "sunday": "Closed"
  },
  {
    "clinic_name": "All Creatures Veterinary Surgery - Locksbottom",
    "address": "340 Crofton Rd, Locksbottom, Orpington BR6 8NN, United Kingdom",
    "phone": "+44 1689 490955",
    "monday": "8:30 AM–6 PM",
    "tuesday": "8:30 AM–6 PM",
    "wednesday": "8:30 AM–6 PM",
    "thursday": "8:30 AM–6 PM",
    "friday": "8:30 AM–6 PM",
    "saturday": "Closed",
    "sunday": "Closed"
  },
  {
    "clinic_name": "Arthur Lodge",
    "address": "17 Brighton Rd, Horsham RH13 5BE, United Kingdom",
    "phone": "+44 1403 252964",
    "monday": "Open 24 hours",
    "tuesday": "Open 24 hours",
    "wednesday": "Open 24 hours",
    "thursday": "Open 24 hours",
    "friday": "Open 24 hours",
    "saturday": "Open 24 hours",
    "sunday": "Open 24 hours"
  },
  {
    "clinic_name": "Ash Barn Veterinary Surgery",
    "address": "Coles Lane, Ockley, Dorking RH5 5LS, United Kingdom",
    "phone": "+44 1306 713177",
    "monday": "8:30 AM–5 PM",
    "tuesday": "8:30 AM–5 PM",
    "wednesday": "8:30 AM–5 PM",
    "thursday": "8:30 AM–5 PM",
    "friday": "8:30 AM–5 PM",
    "saturday": "Closed",
    "sunday": "Closed"
  },
  {
    "clinic_name": "Downslink Veterinary Practice",
    "address": "Lintot Square, 16 Fairbank Rd, Southwater, Horsham RH13 9LA, United Kingdom",
    "phone": "+44 1403 732219",
    "monday": "9 AM–7 PM",
    "tuesday": "9 AM–7 PM",
    "wednesday": "9 AM–5 PM",
    "thursday": "9 AM–7 PM",
    "friday": "9 AM–7 PM",
    "saturday": "Closed",
    "sunday": "Closed"
  },
  {
    "clinic_name": "Yew Tree Veterinary Centre",
    "address": null,
    "phone": null,
    "monday": null,
    "tuesday": null,
    "wednesday": null,
    "thursday": null,
    "friday": null,
    "saturday": null,
    "sunday": null
  },
  {
    "clinic_name": "Briar House Veterinary Surgery",
    "address": "13-15 St Peter's Rd, Broadstairs CT10 2AG, United Kingdom",
    "phone": "+44 1843 863395",
    "monday": "Open 24 hours",
    "tuesday": "Open 24 hours",
    "wednesday": "Open 24 hours",
    "thursday": "Open 24 hours",
    "friday": "Open 24 hours",
    "saturday": "Open 24 hours",
    "sunday": "Open 24 hours"
  },
  {
    "clinic_name": "Lakeview Veterinary Surgery",
    "address": "2265 W Columbia Ave, Battle Creek, MI 49015",
    "phone": "(269) 963-1581",
    "monday": "8 AM–5 PM",
    "tuesday": "8 AM–5 PM",
    "wednesday": "8 AM–5 PM",
    "thursday": "8 AM–5 PM",
    "friday": "8 AM–5 PM",
    "saturday": "8 AM–12 PM",
    "sunday": "Closed"
  },
  {
    "clinic_name": "The Manor Veterinary Surgery",
    "address": "10 Manor Rd, Chatham ME4 6AG, United Kingdom",
    "phone": "+44 1634 407777",
    "monday": "8:30 AM–7 PM",
    "tuesday": "8:30 AM–7 PM",
    "wednesday": "8:30 AM–7 PM",
    "thursday": "8:30 AM–7 PM",
    "friday": "8:30 AM–7 PM",
    "saturday": "8:30 AM–12:30 PM",
    "sunday": "Closed"
  },
  {
    "clinic_name": "East Preston Veterinary Surgery",
    "address": "59 Sea Rd, East Preston, Littlehampton BN16 1LN, United Kingdom",
    "phone": "+44 1903 785326",
    "monday": "9 AM–6 PM",
    "tuesday": "9 AM–6 PM",
    "wednesday": "9 AM–6 PM",
    "thursday": "9 AM–6 PM",
    "friday": "9 AM–6 PM",
    "saturday": "Closed",
    "sunday": "Closed"
  },
  {
    "clinic_name": "Ferring Street Veterinary Surgery",
    "address": "11 Sea Ln, Ferring, Worthing BN12 5DP, United Kingdom",
    "phone": "+44 1903 241022",
    "monday": "8:30 AM–6:30 PM",
    "tuesday": "8:30 AM–6:30 PM",
    "wednesday": "8:30 AM–6:30 PM",
    "thursday": "8:30 AM–6:30 PM",
    "friday": "8:30 AM–6:30 PM",
    "saturday": "9 AM–12:30 PM",
    "sunday": "10 AM–12 PM"
  },
  {
    "clinic_name": "Iffley Vets - Oxford",
    "address": "35 Iffley Rd, Oxford OX4 1EA, United Kingdom",
    "phone": "+44 1865 242600",
    "monday": "8:30 AM–6:15 PM",
    "tuesday": "8:30 AM–6:15 PM",
    "wednesday": "8:30 AM–6:15 PM",
    "thursday": "8:30 AM–6:15 PM",
    "friday": "8:30 AM–6:15 PM",
    "saturday": "9 AM–2:15 PM",
    "sunday": "Closed"
  },
  {
    "clinic_name": "Iffley Vets - Wheatley",
    "address": "10 Roman Rd, Wheatley, Oxford OX33 1UU, United Kingdom",
    "phone": "+44 1865 875155",
    "monday": "8:30 AM–6 PM",
    "tuesday": "9 AM–6 PM",
    "wednesday": "9 AM–6 PM",
    "thursday": "9 AM–6 PM",
    "friday": "9 AM–6 PM",
    "saturday": "Closed",
    "sunday": "Closed"
  },
  {
    "clinic_name": "Winton Lodge Epsom",
    "address": null,
    "phone": null,
    "monday": null,
    "tuesday": null,
    "wednesday": null,
    "thursday": null,
    "friday": null,
    "saturday": null,
    "sunday": null
  },
  {
    "clinic_name": "Winton Lodge Leatherhead",
    "address": null,
    "phone": null,
    "monday": null,
    "tuesday": null,
    "wednesday": null,
    "thursday": null,
    "friday": null,
    "saturday": null,
    "sunday": null
  },
  {
    "clinic_name": "Abingdon Veterinary Clinic",
    "address": null,
    "phone": null,
    "monday": null,
    "tuesday": null,
    "wednesday": null,
    "thursday": null,
    "friday": null,
    "saturday": null,
    "sunday": null
  },
  {
    "clinic_name": "Barton Veterinary Centre",
    "address": "Old Police Station, 4 High St, Barton-upon-Humber DN18 5PA, United Kingdom",
    "phone": "+44 1652 636359",
    "monday": "8:30 AM–7 PM",
    "tuesday": "8:30 AM–7 PM",
    "wednesday": "8:30 AM–7 PM",
    "thursday": "8:30 AM–7 PM",
    "friday": "8:30 AM–7 PM",
    "saturday": "8:30 AM–1 PM",
    "sunday": "Closed"
  },
  {
    "clinic_name": "Blackheath Veterinary Surgery",
    "address": "105 Humber Rd, London SE3 7LW, United Kingdom",
    "phone": "+44 20 8858 5151",
    "monday": "8:30 AM–6:30 PM",
    "tuesday": "8:30 AM–6:30 PM",
    "wednesday": "8:30 AM–7 PM",
    "thursday": "8:30 AM–6:30 PM",
    "friday": "8:30 AM–6:30 PM",
    "saturday": "8:30 AM–2 PM",
    "sunday": "Closed"
  },
  {
    "clinic_name": "Canterbury Veterinary Surgery",
    "address": "43-45 Northgate, Canterbury CT1 1BE, United Kingdom",
    "phone": "+44 1227 802802",
    "monday": "8 AM–6 PM",
    "tuesday": "8 AM–6 PM",
    "wednesday": "8 AM–6 PM",
    "thursday": "8 AM–6 PM",
    "friday": "8 AM–6 PM",
    "saturday": "8:30 AM–12:30 PM",
    "sunday": "Closed"
  },
  {
    "clinic_name": "Chelsea Veterinary Surgery",
    "address": "10591 Old Hwy 280, Chelsea, AL 35043",
    "phone": "(205) 678-8895",
    "monday": "7 AM–6 PM",
    "tuesday": "7 AM–6 PM",
    "wednesday": "7 AM–6 PM",
    "thursday": "7 AM–6 PM",
    "friday": "7 AM–6 PM",
    "saturday": "8 AM–12 PM",
    "sunday": "Closed"
  },
  {
    "clinic_name": "Chessington Veterinary Surgery",
    "address": "30-32 N Parade, Chessington KT9 1QF, United Kingdom",
    "phone": "+44 20 8974 1197",
    "monday": "8:30 AM–7 PM",
    "tuesday": "8:30 AM–7 PM",
    "wednesday": "8:30 AM–7 PM",
    "thursday": "8:30 AM–6:30 PM",
    "friday": "8:30 AM–7 PM",
    "saturday": "9 AM–1 PM",
    "sunday": "Closed"
  },
  {
    "clinic_name": "Croydon Veterinary Surgery",
    "address": "335 Lower Addiscombe Rd, Croydon CR0 6RG, United Kingdom",
    "phone": "+44 20 8655 0235",
    "monday": "9 AM–7 PM",
    "tuesday": "9 AM–7 PM",
    "wednesday": "9 AM–7 PM",
    "thursday": "9 AM–7 PM",
    "friday": "9 AM–7 PM",
    "saturday": "9 AM–12 PM",
    "sunday": "Closed"
  },
  {
    "clinic_name": "Elizabeth Street Veterinary Practice",
    "address": "55 Elizabeth St, London SW1W 9PP, United Kingdom",
    "phone": "+44 20 7730 9102",
    "monday": "Open 24 hours",
    "tuesday": "Open 24 hours",
    "wednesday": "Open 24 hours",
    "thursday": "Open 24 hours",
    "friday": "Open 24 hours",
    "saturday": "Open 24 hours",
    "sunday": "Open 24 hours"
  },
  {
    "clinic_name": "Grove Park Veterinary Clinic",
    "address": "3 Burlington Ln, Chiswick, London W4 3HD, United Kingdom",
    "phone": "+44 20 8994 3889",
    "monday": "8:30 AM–6:30 PM",
    "tuesday": "8:30 AM–6:30 PM",
    "wednesday": "8:30 AM–6:30 PM",
    "thursday": "8:30 AM–6:30 PM",
    "friday": "8:30 AM–6:30 PM",
    "saturday": "9 AM–12 PM",
    "sunday": "Closed"
  },
  {
    "clinic_name": "Kitten to Cat - cat only veterinary clinic",
    "address": null,
    "phone": null,
    "monday": null,
    "tuesday": null,
    "wednesday": null,
    "thursday": null,
    "friday": null,
    "saturday": null,
    "sunday": null
  },
  {
    "clinic_name": "Mayow Veterinary Surgery",
    "address": "48 Mayow Rd, London SE26 4JA, United Kingdom",
    "phone": "+44 20 8659 4496",
    "monday": "8:30 AM–6:30 PM",
    "tuesday": "8:30 AM–6:30 PM",
    "wednesday": "8:30 AM–6:30 PM",
    "thursday": "8:30 AM–6:30 PM",
    "friday": "8:30 AM–6:30 PM",
    "saturday": "8:30 AM–3 PM",
    "sunday": "10 AM–4 PM"
  },
  {
    "clinic_name": "Mead Veterinary Centre",
    "address": "Mead Veterinary Centre, Mead Rd, Dartford DA1 2RH, United Kingdom",
    "phone": "+44 1322 223311",
    "monday": "Open 24 hours",
    "tuesday": "Open 24 hours",
    "wednesday": "Open 24 hours",
    "thursday": "Open 24 hours",
    "friday": "Open 24 hours",
    "saturday": "Open 24 hours",
    "sunday": "Open 24 hours"
  },
  {
    "clinic_name": "Mitcham Veterinary Surgery",
    "address": "4 Upper Green E, Mitcham CR4 2PA, United Kingdom",
    "phone": "+44 20 8640 5766",
    "monday": "9 AM–7 PM",
    "tuesday": "9 AM–7 PM",
    "wednesday": "9 AM–7 PM",
    "thursday": "9 AM–7 PM",
    "friday": "9 AM–7 PM",
    "saturday": "2–4 PM",
    "sunday": "Closed"
  },
  {
    "clinic_name": "Parish Lane Veterinary Surgery",
    "address": "1 Parish Ln, London SE20 7LH, United Kingdom",
    "phone": "+44 20 8778 7789",
    "monday": "8:30 AM–6:30 PM",
    "tuesday": "8:30 AM–6:30 PM",
    "wednesday": "8:30 AM–6:30 PM",
    "thursday": "8:30 AM–6:30 PM",
    "friday": "8:30 AM–6:30 PM",
    "saturday": "Closed",
    "sunday": "Closed"
  },
  {
    "clinic_name": "Peckham Veterinary Surgery",
    "address": "1 Bellenden Rd, London SE15 5BA, United Kingdom",
    "phone": "+44 20 3143 6699",
    "monday": "9 AM–7 PM",
    "tuesday": "9 AM–7 PM",
    "wednesday": "9 AM–7 PM",
    "thursday": "9 AM–7 PM",
    "friday": "9 AM–7 PM",
    "saturday": "9 AM–1 PM",
    "sunday": "Closed"
  },
  {
    "clinic_name": "Pinebank Vet Surgery",
    "address": "85B London Rd, Maidstone ME16 0DX, United Kingdom",
    "phone": "+44 1622 755098",
    "monday": "8:30 AM–6 PM",
    "tuesday": "8:30 AM–6 PM",
    "wednesday": "8:30 AM–6 PM",
    "thursday": "8:30 AM–6 PM",
    "friday": "8:30 AM–6 PM",
    "saturday": "8:30 AM–12 PM",
    "sunday": "Closed"
  },
  {
    "clinic_name": "Streatham Hill Veterinary Surgery",
    "address": "101 Sternhold Ave, London SW2 4PF, United Kingdom",
    "phone": "+44 20 8674 3525",
    "monday": "Open 24 hours",
    "tuesday": "Open 24 hours",
    "wednesday": "Open 24 hours",
    "thursday": "Open 24 hours",
    "friday": "Open 24 hours",
    "saturday": "Open 24 hours",
    "sunday": "Open 24 hours"
  },
  {
    "clinic_name": "Swaleside Veterinary Surgery",
    "address": "82 London Rd, Teynham, Sittingbourne ME9 9QH, United Kingdom",
    "phone": "+44 1795 520972",
    "monday": "8:30 AM–6 PM",
    "tuesday": "8:30 AM–6 PM",
    "wednesday": "8:30 AM–6 PM",
    "thursday": "8:30 AM–6 PM",
    "friday": "8:30 AM–6 PM",
    "saturday": "8:30 AM–12 PM",
    "sunday": "Closed"
  },
  {
    "clinic_name": "The Animal Clinic",
    "address": null,
    "phone": null,
    "monday": null,
    "tuesday": null,
    "wednesday": null,
    "thursday": null,
    "friday": null,
    "saturday": null,
    "sunday": null
  },
  {
    "clinic_name": "The Corner Veterinary Surgery",
    "address": "1 Stayton Rd, Sutton SM1 1QY, United Kingdom",
    "phone": "+44 20 8641 6126",
    "monday": "8:30 AM–7 PM",
    "tuesday": "8:30 AM–7 PM",
    "wednesday": "8:30 AM–7 PM",
    "thursday": "8:30 AM–7 PM",
    "friday": "8:30 AM–7 PM",
    "saturday": "8:30 AM–12 PM",
    "sunday": "Closed"
  },
  {
    "clinic_name": "The Hackney Vet",
    "address": "117 Lower Clapton Rd, Lower Clapton, London E5 0NP, United Kingdom",
    "phone": "+44 20 8533 6554",
    "monday": "9 AM–6 PM",
    "tuesday": "9 AM–6 PM",
    "wednesday": "9 AM–6 PM",
    "thursday": "9 AM–6 PM",
    "friday": "9 AM–6 PM",
    "saturday": "9 AM–1 PM",
    "sunday": "Closed"
  },
  {
    "clinic_name": "The Old Registry Vets",
    "address": "Old Registry Vets, 92 Oswald Rd, Scunthorpe DN15 7PA, United Kingdom",
    "phone": "+44 1724 898551",
    "monday": "Open 24 hours",
    "tuesday": "Open 24 hours",
    "wednesday": "Open 24 hours",
    "thursday": "Open 24 hours",
    "friday": "Open 24 hours",
    "saturday": "Open 24 hours",
    "sunday": "Open 24 hours"
  },
  {
    "clinic_name": "The Vet in St Margarets",
    "address": "91 Crown Rd, Twickenham TW1 3EX, United Kingdom",
    "phone": "+44 20 8892 3600",
    "monday": "8:30 AM–6:30 PM",
    "tuesday": "8:30 AM–6:30 PM",
    "wednesday": "8:30 AM–6:30 PM",
    "thursday": "8:30 AM–6:30 PM",
    "friday": "8:30 AM–6:30 PM",
    "saturday": "9 AM–12 PM",
    "sunday": "Closed"
  },
  {
    "clinic_name": "The Vet on Richmond Hill",
    "address": "38 Friars Stile Rd, Richmond TW10 6NQ, United Kingdom",
    "phone": "+44 20 8948 3737",
    "monday": "9 AM–7 PM",
    "tuesday": "9 AM–7 PM",
    "wednesday": "9 AM–7 PM",
    "thursday": "9 AM–7 PM",
    "friday": "9 AM–7 PM",
    "saturday": "2–4 PM",
    "sunday": "Closed"
  },
  {
    "clinic_name": "The Vet Station",
    "address": "7A, Lower Gade Farm, Dagnall Rd, Great Gaddesden, Hemel Hempstead HP1 3BP, United Kingdom",
    "phone": "+44 1442 842211",
    "monday": "9 AM–7 PM",
    "tuesday": "9 AM–7 PM",
    "wednesday": "9 AM–7 PM",
    "thursday": "9 AM–7 PM",
    "friday": "9 AM–7 PM",
    "saturday": "9 AM–12 PM",
    "sunday": "Closed"
  },
  {
    "clinic_name": "Tooting Veterinary Surgery",
    "address": null,
    "phone": null,
    "monday": null,
    "tuesday": null,
    "wednesday": null,
    "thursday": null,
    "friday": null,
    "saturday": null,
    "sunday": null
  },
  {
    "clinic_name": "West Wickham Veterinary Surgery",
    "address": "20 Station Rd, West Wickham BR4 0PR, United Kingdom",
    "phone": "+44 20 3143 6688",
    "monday": "8:30 AM–6:30 PM",
    "tuesday": "8:30 AM–6:30 PM",
    "wednesday": "8:30 AM–6:30 PM",
    "thursday": "8:30 AM–6:30 PM",
    "friday": "8:30 AM–6:30 PM",
    "saturday": "2–4 PM",
    "sunday": "Closed"
  },
  {
    "clinic_name": "Westhorne Veterinary Surgery",
    "address": "515 Westhorne Ave, London SE9 6DJ, United Kingdom",
    "phone": "+44 20 3980 8000",
    "monday": "8:30 AM–6:30 PM",
    "tuesday": "8:30 AM–6:30 PM",
    "wednesday": "8:30 AM–6:30 PM",
    "thursday": "8:30 AM–6:30 PM",
    "friday": "8:30 AM–6:30 PM",
    "saturday": "9 AM–1 PM",
    "sunday": "Closed"
  },
  {
    "clinic_name": "Wimbledon Veterinary Surgery",
    "address": "170-172 Merton Rd, London SW19 1EG, United Kingdom",
    "phone": "+44 20 8540 7275",
    "monday": "8:30 AM–6:30 PM",
    "tuesday": "8:30 AM–6:30 PM",
    "wednesday": "8:30 AM–6:30 PM",
    "thursday": "8:30 AM–6:30 PM",
    "friday": "8:30 AM–6:30 PM",
    "saturday": "9 AM–4 PM",
    "sunday": "Closed"
  },
  {
    "clinic_name": "Downe Veterinary Clinic - Downpatrick",
    "address": "35 Church St, Downpatrick BT30 6EH, United Kingdom",
    "phone": "+44 28 4461 4225",
    "monday": "9 AM–6 PM",
    "tuesday": "9 AM–6 PM",
    "wednesday": "9 AM–6 PM",
    "thursday": "9 AM–6 PM",
    "friday": "9 AM–6 PM",
    "saturday": "9 AM–1 PM",
    "sunday": "Closed"
  },
  {
    "clinic_name": "Downe Veterinary Clinic - Newcastle",
    "address": "12 Bryansford Rd, Newcastle BT33 0HJ, United Kingdom",
    "phone": "+44 28 4461 4225",
    "monday": "9 AM–1 PM, 2–5 PM",
    "tuesday": "9 AM–1 PM, 2–5 PM",
    "wednesday": "9 AM–1 PM, 2–5 PM",
    "thursday": "9 AM–1 PM, 2–5 PM",
    "friday": "9 AM–1 PM, 2–5 PM",
    "saturday": "Closed",
    "sunday": "Closed"
  },
  {
    "clinic_name": "AGENCE FUNERAIRE DECINES-CHARPIEU (69)",
    "address": null,
    "phone": null,
    "monday": null,
    "tuesday": null,
    "wednesday": null,
    "thursday": null,
    "friday": null,
    "saturday": null,
    "sunday": null
  },
  {
    "clinic_name": "Esthima Beauvois-en-Cambrésis",
    "address": "5 Chem. de Boussières, 59157 Beauvois-en-Cambrésis, France",
    "phone": "+33 9 72 21 67 56",
    "monday": "9 AM–6 PM",
    "tuesday": "9 AM–6 PM",
    "wednesday": "9 AM–6 PM",
    "thursday": "9 AM–6 PM",
    "friday": "9 AM–6 PM",
    "saturday": "9 AM–1 PM",
    "sunday": "Closed"
  },
  {
    "clinic_name": "Esthima Castelsarrasin",
    "address": "7, rue de la Méditerranée, Z.I. de Barres I, 82100 Castelsarrasin, France",
    "phone": "+33 9 72 21 67 56",
    "monday": "9 AM–12 PM, 2–6 PM",
    "tuesday": "9 AM–12 PM, 2–6 PM",
    "wednesday": "9 AM–12 PM, 2–6 PM",
    "thursday": "9 AM–12 PM, 2–6 PM",
    "friday": "9 AM–12 PM, 2–6 PM",
    "saturday": "Closed",
    "sunday": "Closed"
  },
  {
    "clinic_name": "Esthima Chevigny-Saint-Sauveur",
    "address": "Zone Excellence 2000, 11 Rue Pierre Henri Spaak, 21800 Chevigny-Saint-Sauveur, France",
    "phone": "+33 9 72 21 67 56",
    "monday": "9 AM–12 PM, 2–6 PM",
    "tuesday": "9 AM–12 PM, 2–6 PM",
    "wednesday": "9 AM–12 PM, 2–6 PM",
    "thursday": "9 AM–12 PM, 2–6 PM",
    "friday": "9 AM–12 PM, 2–6 PM",
    "saturday": "Closed",
    "sunday": "Closed"
  },
  {
    "clinic_name": "Esthima Château-Gaillard",
    "address": "255 Av. Charles de Gaulle, 01500 Château-Gaillard, France",
    "phone": "+33 9 72 21 67 56",
    "monday": "9 AM–12 PM, 2–6 PM",
    "tuesday": "9 AM–12 PM, 2–6 PM",
    "wednesday": "9 AM–12 PM, 2–6 PM",
    "thursday": "9 AM–12 PM, 2–6 PM",
    "friday": "9 AM–12 PM, 2–6 PM",
    "saturday": "9 AM–1 PM",
    "sunday": "Closed"
  },
  {
    "clinic_name": "Esthima Cuers",
    "address": "19 Rue de la Création Zac, 83390 Cuers, France",
    "phone": "+33 9 72 21 67 56",
    "monday": "9 AM–12 PM, 2–6 PM",
    "tuesday": "9 AM–12 PM, 2–6 PM",
    "wednesday": "9 AM–12 PM, 2–6 PM",
    "thursday": "9 AM–12 PM, 2–6 PM",
    "friday": "9 AM–12 PM, 2–6 PM",
    "saturday": "Closed",
    "sunday": "Closed"
  },
  {
    "clinic_name": "Esthima Etampes",
    "address": "Rue Marcel Laloyeau, 91150 Étampes, France",
    "phone": "+33 9 72 21 67 56",
    "monday": "9 AM–6 PM",
    "tuesday": "9 AM–6 PM",
    "wednesday": "9 AM–6 PM",
    "thursday": "9 AM–6 PM",
    "friday": "9 AM–6 PM",
    "saturday": "9 AM–5 PM",
    "sunday": "Closed"
  },
  {
    "clinic_name": "Esthima Faulquemont",
    "address": "Av. du District, 57380 Faulquemont, France",
    "phone": "+33 9 72 21 67 56",
    "monday": "9 AM–12 PM, 2–6 PM",
    "tuesday": "9 AM–12 PM, 2–6 PM",
    "wednesday": "9 AM–12 PM, 2–6 PM",
    "thursday": "9 AM–12 PM, 2–6 PM",
    "friday": "9 AM–12 PM, 2–6 PM",
    "saturday": "9 AM–1 PM",
    "sunday": "Closed"
  },
  {
    "clinic_name": "Esthima Fay-aux-Loges",
    "address": "71 Rue Bernard de la Rochefoucauld, 45450 Fay-aux-Loges, France",
    "phone": "+33 9 72 21 67 56",
    "monday": "9 AM–12 PM, 2–6 PM",
    "tuesday": "9 AM–12 PM, 2–6 PM",
    "wednesday": "9 AM–12 PM, 2–6 PM",
    "thursday": "9 AM–12 PM, 2–6 PM",
    "friday": "9 AM–12 PM, 2–6 PM",
    "saturday": "Closed",
    "sunday": "Closed"
  },
  {
    "clinic_name": "Esthima Gardanne",
    "address": "Chem. du Safran Quartier Mazargues, 13120 Gardanne, France",
    "phone": "+33 9 72 21 67 56",
    "monday": "9 AM–12 PM, 2–5 PM",
    "tuesday": "9 AM–12 PM, 2–5 PM",
    "wednesday": "9 AM–12 PM, 2–5 PM",
    "thursday": "9 AM–12 PM, 2–5 PM",
    "friday": "9 AM–12 PM, 2–5 PM",
    "saturday": "Closed",
    "sunday": "Closed"
  },
  {
    "clinic_name": "Esthima Guérande",
    "address": "ZI de Villejames, 2 Rue de la Pierre, 44350 Guérande, France",
    "phone": "+33 9 72 21 67 56",
    "monday": "9 AM–12 PM, 2–6 PM",
    "tuesday": "9 AM–12 PM, 2–6 PM",
    "wednesday": "Closed",
    "thursday": "9 AM–12 PM, 2–6 PM",
    "friday": "9 AM–12 PM, 2–6 PM",
    "saturday": "9 AM–1 PM",
    "sunday": "Closed"
  },
  {
    "clinic_name": "Esthima Josselin",
    "address": "PA LA ROCHETTE, 21 RUE DES ROCHES, 56120 Josselin, France",
    "phone": "+33 9 72 21 67 56",
    "monday": "9 AM–12 PM, 2–6 PM",
    "tuesday": "9 AM–12 PM, 2–6 PM",
    "wednesday": "9 AM–12 PM, 2–6 PM",
    "thursday": "9 AM–12 PM, 2–6 PM",
    "friday": "9 AM–12 PM, 2–6 PM",
    "saturday": "Closed",
    "sunday": "Closed"
  },
  {
    "clinic_name": "Esthima L'Hermenault",
    "address": "ZA Les Trussots, 85570 L'Hermenault, France",
    "phone": "+33 9 72 21 67 56",
    "monday": "9 AM–12 PM, 2–6 PM",
    "tuesday": "9 AM–12 PM, 2–6 PM",
    "wednesday": "9 AM–12 PM, 2–6 PM",
    "thursday": "9 AM–12 PM, 2–6 PM",
    "friday": "9 AM–12 PM, 2–6 PM",
    "saturday": "9 AM–1 PM",
    "sunday": "Closed"
  },
  {
    "clinic_name": "Esthima La Teste-de-Buch",
    "address": "1365 Av. du Parc des Expositions, 33260 La Teste-de-Buch, France",
    "phone": "+33 9 72 21 67 56",
    "monday": "9 AM–12 PM, 2–6 PM",
    "tuesday": "9 AM–12 PM, 2–6 PM",
    "wednesday": "9 AM–12 PM, 2–6 PM",
    "thursday": "9 AM–12 PM, 2–6 PM",
    "friday": "9 AM–12 PM, 2–6 PM",
    "saturday": "Closed",
    "sunday": "Closed"
  },
  {
    "clinic_name": "Esthima Le Pescher",
    "address": "ZA champs d, L'Escure, 19190 Le Pescher, France",
    "phone": "+33 9 72 21 67 56",
    "monday": "9 AM–12 PM, 1:30–5 PM",
    "tuesday": "9 AM–12 PM, 1:30–5 PM",
    "wednesday": "9 AM–12 PM, 1:30–5 PM",
    "thursday": "9 AM–12 PM, 1:30–5 PM",
    "friday": "9 AM–12 PM, 1:30–5 PM",
    "saturday": "Closed",
    "sunday": "Closed"
  },
  {
    "clinic_name": "Esthima Nîmes",
    "address": "Actiparc Le Grézan, Rue Nicolas Appert, 30000 Nîmes, France",
    "phone": "+33 9 72 21 67 56",
    "monday": "9 AM–12 PM, 1–5 PM",
    "tuesday": "9 AM–12 PM, 1–5 PM",
    "wednesday": "9 AM–12 PM, 1–5 PM",
    "thursday": "9 AM–12 PM, 1–5 PM",
    "friday": "9 AM–12 PM, 1–5 PM",
    "saturday": "9 AM–1 PM",
    "sunday": "Closed"
  },
  {
    "clinic_name": "Esthima Seclin",
    "address": "10 Rue du Rouge Bouton, 59113 Seclin, France",
    "phone": "+33 9 72 21 67 56",
    "monday": "10 AM–12 PM, 1–6 PM",
    "tuesday": "10 AM–12 PM, 1–6 PM",
    "wednesday": "10 AM–12 PM, 1–6 PM",
    "thursday": "10 AM–12 PM, 1–6 PM",
    "friday": "10 AM–12 PM, 1–6 PM",
    "saturday": "Closed",
    "sunday": "Closed"
  },
  {
    "clinic_name": "Esthima Tôtes",
    "address": "Z.A. des 3 Rivières, 20 Rue des Primevères, 76890 Tôtes, France",
    "phone": "+33 9 72 21 67 56",
    "monday": "9 AM–12 PM, 2–6 PM",
    "tuesday": "9 AM–12 PM, 2–6 PM",
    "wednesday": "9 AM–12 PM, 2–6 PM",
    "thursday": "9 AM–12 PM, 2–6 PM",
    "friday": "9 AM–12 PM, 2–6 PM",
    "saturday": "9 AM–1 PM",
    "sunday": "Closed"
  },
  {
    "clinic_name": "Esthima Vimoutiers",
    "address": "Rue des Sorbiers, 61120 Vimoutiers, France",
    "phone": "+33 9 72 21 67 56",
    "monday": "9 AM–12 PM, 2–6 PM",
    "tuesday": "9 AM–12 PM, 2–6 PM",
    "wednesday": "9 AM–12 PM, 2–6 PM",
    "thursday": "9 AM–12 PM, 2–6 PM",
    "friday": "9 AM–12 PM, 2–6 PM",
    "saturday": "Closed",
    "sunday": "Closed"
  },
  {
    "clinic_name": "Esthima Vincennes",
    "address": "54 Rue Massue, 94300 Vincennes, France",
    "phone": "+33 805 62 22 22",
    "monday": null,
    "tuesday": null,
    "wednesday": null,
    "thursday": null,
    "friday": null,
    "saturday": null,
    "sunday": null
  },
  {
    "clinic_name": "Eye Veterinary Clinic - BVA Eye Test only",
    "address": null,
    "phone": null,
    "monday": null,
    "tuesday": null,
    "wednesday": null,
    "thursday": null,
    "friday": null,
    "saturday": null,
    "sunday": null
  },
  {
    "clinic_name": "Eye Veterinary Clinic - BVA Test and Gonioscopy",
    "address": null,
    "phone": null,
    "monday": null,
    "tuesday": null,
    "wednesday": null,
    "thursday": null,
    "friday": null,
    "saturday": null,
    "sunday": null
  },
  {
    "clinic_name": "Eye Veterinary Clinic - Gonioscopy only",
    "address": null,
    "phone": null,
    "monday": null,
    "tuesday": null,
    "wednesday": null,
    "thursday": null,
    "friday": null,
    "saturday": null,
    "sunday": null
  },
  {
    "clinic_name": "Eye Veterinary Clinic - Ophthalmology",
    "address": null,
    "phone": null,
    "monday": null,
    "tuesday": null,
    "wednesday": null,
    "thursday": null,
    "friday": null,
    "saturday": null,
    "sunday": null
  },
  {
    "clinic_name": "Eye Veterinary Clinic - Ophthalmology Referral",
    "address": null,
    "phone": null,
    "monday": null,
    "tuesday": null,
    "wednesday": null,
    "thursday": null,
    "friday": null,
    "saturday": null,
    "sunday": null
  },
  {
    "clinic_name": "Faxbridge Veterinary Ltd - Clonakilty",
    "address": "32 strand road, Scartagh, Clonakilty, Co. Cork, P85 A406, Ireland",
    "phone": "+353 23 883 3252",
    "monday": "9 AM–6 PM",
    "tuesday": "9 AM–6 PM",
    "wednesday": "9 AM–6 PM",
    "thursday": "9 AM–6 PM",
    "friday": "9 AM–6 PM",
    "saturday": "9 AM–1 PM",
    "sunday": "Closed"
  },
  {
    "clinic_name": "Faxbridge Veterinary Ltd - McLaughlins Bandon",
    "address": null,
    "phone": null,
    "monday": null,
    "tuesday": null,
    "wednesday": null,
    "thursday": null,
    "friday": null,
    "saturday": null,
    "sunday": null
  },
  {
    "clinic_name": "Focus Referrals Limited - BVA Eye Testing (NEW)",
    "address": "Sandpiper House, Beaumont Cl, Banbury OX16 1TG, United Kingdom",
    "phone": "+44 1295 238160",
    "monday": "8:15 AM–6 PM",
    "tuesday": "8:15 AM–6 PM",
    "wednesday": "8:15 AM–6 PM",
    "thursday": "8:15 AM–6 PM",
    "friday": "8:15 AM–6 PM",
    "saturday": "Closed",
    "sunday": "Closed"
  },
  {
    "clinic_name": "Focus Referrals Limited - Referral (NEW)",
    "address": "Sandpiper House, Beaumont Cl, Banbury OX16 1TG, United Kingdom",
    "phone": "+44 1295 238160",
    "monday": "8:15 AM–6 PM",
    "tuesday": "8:15 AM–6 PM",
    "wednesday": "8:15 AM–6 PM",
    "thursday": "8:15 AM–6 PM",
    "friday": "8:15 AM–6 PM",
    "saturday": "Closed",
    "sunday": "Closed"
  },
  {
    "clinic_name": "Dierenarts Arnhem",
    "address": null,
    "phone": null,
    "monday": null,
    "tuesday": null,
    "wednesday": null,
    "thursday": null,
    "friday": null,
    "saturday": null,
    "sunday": null
  },
  {
    "clinic_name": "Dierenartsenpraktijk Schildwolde",
    "address": "Meenteweg 2A, 9626 BH Schildwolde, Netherlands",
    "phone": "+31 598 421 558",
    "monday": "8 AM–12 PM, 1–6 PM",
    "tuesday": "8 AM–12 PM, 1–6 PM",
    "wednesday": "8 AM–12 PM, 1–6 PM",
    "thursday": "8 AM–12 PM, 1–6 PM",
    "friday": "8 AM–12 PM, 1–6 PM",
    "saturday": "Closed",
    "sunday": "Closed"
  },
  {
    "clinic_name": "Dierenkliniek Amersfoort-Noord",
    "address": "Blokzijlpark 77, 3826 BN Amersfoort, Netherlands",
    "phone": "+31 33 456 6660",
    "monday": "9 AM–6 PM",
    "tuesday": "9 AM–6 PM",
    "wednesday": "9 AM–6 PM",
    "thursday": "9 AM–6 PM",
    "friday": "9 AM–7 PM",
    "saturday": "Closed",
    "sunday": "Closed"
  },
  {
    "clinic_name": "Dierenkliniek de Marne",
    "address": "Hichtumerweg 5C, 8701 PG Bolsward, Netherlands",
    "phone": "+31 515 575 888",
    "monday": "9 AM–6 PM",
    "tuesday": "9 AM–6 PM",
    "wednesday": "9 AM–6 PM",
    "thursday": "9 AM–6 PM",
    "friday": "9 AM–6 PM",
    "saturday": "Closed",
    "sunday": "Closed"
  },
  {
    "clinic_name": "Dierenkliniek de Tweesprong",
    "address": "Oude Deldensestraat 31a, 7622 LM Borne, Netherlands",
    "phone": "+31 74 266 3252",
    "monday": "8:30 AM–6 PM",
    "tuesday": "8:30 AM–6 PM",
    "wednesday": "8:30 AM–6 PM",
    "thursday": "8:30 AM–6 PM",
    "friday": "8:30 AM–6 PM",
    "saturday": "Closed",
    "sunday": "Closed"
  },
  {
    "clinic_name": "Dierenkliniek Gooiland",
    "address": "Aetsveldselaan 100, 1381 EX Weesp, Netherlands",
    "phone": "+31 294 417 776",
    "monday": "8:30 AM–5 PM, 6–8 PM",
    "tuesday": "8:30 AM–5 PM",
    "wednesday": "8:30 AM–5 PM",
    "thursday": "8:30 AM–5 PM",
    "friday": "8:30 AM–5 PM, 6–8 PM",
    "saturday": "Closed",
    "sunday": "Closed"
  },
  {
    "clinic_name": "Dierenkliniek Hengelo Klein Driene",
    "address": "Oldenzaalsestraat 324, 7557 GE Hengelo, Netherlands",
    "phone": "+31 74 259 0786",
    "monday": "8:30 AM–6 PM",
    "tuesday": "8:30 AM–6 PM",
    "wednesday": "8:30 AM–6 PM",
    "thursday": "8:30 AM–6 PM",
    "friday": "8:30 AM–6 PM",
    "saturday": "Closed",
    "sunday": "Closed"
  },
  {
    "clinic_name": "Dierenkliniek Leloup",
    "address": "K v Limburg Stirumstr 12, 8121 DZ Olst, Netherlands",
    "phone": "+31 570 560 190",
    "monday": "8:15 AM–5 PM",
    "tuesday": "8:15 AM–5 PM",
    "wednesday": "8:15 AM–5 PM",
    "thursday": "8:15 AM–5 PM",
    "friday": "8:15 AM–5 PM",
    "saturday": "Closed",
    "sunday": "Closed"
  },
  {
    "clinic_name": "Dierenkliniek Lemmer",
    "address": "Vissersburen 1, 8531 EB Lemmer, Netherlands",
    "phone": "+31 514 564 433",
    "monday": "8 AM–6 PM",
    "tuesday": "8 AM–6 PM",
    "wednesday": "8 AM–6 PM",
    "thursday": "8 AM–6 PM",
    "friday": "8 AM–6 PM",
    "saturday": "Closed",
    "sunday": "Closed"
  },
  {
    "clinic_name": "Dierenkliniek Sneek",
    "address": "Lange Veemarktstraat 11, 8601 ET Sneek, Netherlands",
    "phone": "+31 515 412 112",
    "monday": "8 AM–6 PM",
    "tuesday": "8 AM–6 PM",
    "wednesday": "8 AM–6 PM",
    "thursday": "8 AM–6 PM",
    "friday": "8 AM–6 PM",
    "saturday": "Closed",
    "sunday": "Closed"
  },
  {
    "clinic_name": "Dierenkliniek Wolvega",
    "address": null,
    "phone": null,
    "monday": null,
    "tuesday": null,
    "wednesday": null,
    "thursday": null,
    "friday": null,
    "saturday": null,
    "sunday": null
  },
  {
    "clinic_name": "Dierenziekenhuis Drachten",
    "address": "De Bolder 74, 9206 AR Drachten, Netherlands",
    "phone": "+31 512 513 627",
    "monday": "8 AM–5:30 PM",
    "tuesday": "8 AM–5:30 PM",
    "wednesday": "8 AM–5:30 PM",
    "thursday": "8 AM–5:30 PM",
    "friday": "8 AM–5:30 PM",
    "saturday": "Closed",
    "sunday": "Closed"
  }
]
